1,Pexpith Priplyo,Cleveland,United States
2,Coffonent Aio,Ho Chi Minh City,Vietnam
3,Fecore Peff,Weifang,China
4,Thant Continer,Chengdu,China
5,Des Thine,Kinshasa,Congo (Kinshasa)
6,Genemivet Insst,New York,United States
7,Ollu Ompo,Houston,United States
8,Whadales Frest,Tokyo,Japan
9,Nore Benduto,Seoul,South Korea
10,Alolleac Atysch,Istanbul,Turkey
11,Thirt Pppuran,Colombo,Sri Lanka
12,Ulaifo The,Cairo,Egypt
13,Derereni Fillow,Mexico City,Mexico
14,Siencer Penco,Yulin,China
15,Sstinghal Llonearn,Huludao,China
16,Thinto Atthet,Manila,Philippines
17,Polstudim Whewat,Bangalore,India
18,Terely Odscon,Seoul,South Korea
19,Imifomstel Pasolio,Santiago,Chile
20,Tturowel Decon,Jieyang,China
21,Pricomsin Freec,Jakarta,Indonesia
22,Sssatr Ngicin,Liaocheng,China
23,Thelsiv Casea,Brooklyn,United States
24,Methe Arkgede,Yulin,China
25,Skediore Hepre,Ibadan,Nigeria
26,Isqurdelo Cesekioac,Maoming,China
27,Larioorec Uredeto,Chicago,United States
28,Bolea Seande,Jakarta,Indonesia
29,Gudetitit Waree,Kinshasa,Congo (Kinshasa)
30,Saschedo Wol,Tokyo,Japan
31,Herrossth Wea,Nagoya,Japan
32,Ougim Jomen,Lucknow,India
33,Ingr Isfofada,Moscow,Russia
34,Islle Tanit,Nanping,China
35,Llenei Cherons,New York,United States
36,Lidert Cthatacot,New York,United States
37,Assond Tepon,Moscow,Russia
38,Haigenopan Acc,Linyi,China
39,Thimy Wanes,Manila,Philippines
40,Boofe Leond,Phoenix,United States
41,Theru Thermagre,Jakarta,Indonesia
42,Wheresti Minthi,Tokyo,Japan
43,Woven Toleden,Kuala Lumpur,Malaysia
44,Ewer Les,Tokyo,Japan
45,Barelph Oueri,Jakarta,Indonesia
46,Heerer Orin,Shanghai,China
47,Bodju Cingges,Boston,United States
48,P+Prit S;Sindo%owh,Tehran,Iran
49,Tedulic Wheser,New York,United States
50,Oweransol Ingan,Memphis,United States
51,Azega Inge,Manila,Philippines
52,Thill Dowi,Paris,France
53,Toffav Sende,Delhi,India
54,Thef Ofoprev,Mexico City,Mexico
55,Ricener Hatse,Istanbul,Turkey
56,Ciregur Soffes,New York,United States
57,Bew Ithedust,Manila,Philippines
58,Hodere Urast,Bratislava,Slovakia
59,Hathec Tewrpathe,Mexico City,Mexico
60,Heq Ternanke,Hefei,China
61,Ttith Anctond,Jakarta,Indonesia
62,Jotas Pesospr,Yuuhu,China
63,Phoconthir Tese,Qujing,China
64,Fenyponim Thav,Delhi,India
65,Thenthe Athe,São Paulo,Brazil
66,Sestind Dectisi,Zhumadian,China
67,Aldeasp Ile,Hanoi,Vietnam
68,Aleurp Ofichan,Ōsaka,Japan
69,Ofofreat Omages,Zunyi,China
70,Fed Tyle,Jinan,China
71,Tervas Andeni,Santiago,Chile
72,Ofuno Theri,Bijie,China
73,Mscondal Aleliove,Jakarta,Indonesia
74,WarisuUrimen,Buenos Aires,Argentina
75,Hefro Mivi,Miami,United States
76,Rosos Pasthee,Delhi,India
77,Alece Arers,Rangoon,Myanmar
78,Meric Osugengu,Los Angeles,United States
79,Alu Sereat,London,United Kingdom
80,Sthof Leeus,Shaoyang,China
81,Endexted Nondinin,Los Angeles,United States
82,Her Was,Belo Horizonte,Brazil
83,Bueleronth Mbra,Huanglongsi,China
84,Dintutsh Dunga,Jakarta,Indonesia
85,Tedoffe Pri,Beijing,China
86,Belal Thend,Ibadan,Nigeria
87,Tior Typurych,Kolkāta,India
88,Allyofend Ountes,Bangkok,Thailand
89,Foundim Atesel,Manila,Philippines
90,These Pereernju,San Antonio,United States
91,Enst Ofouenct,Shanghai,China
92,Ampenunce Rbrex,Mumbai,India
93,Pucthe Pendi,Delhi,India
94,ThaiWimseq,Tongshan,China
95,Hastant Gnns,Minneapolis,United States
96,Withinct Oolkskerto,New York,United States
97,Hreste Silin,Mission Viejo,United States
98,Molon Intithe,Tokyo,Japan
99,Imisha Ocof,Baoding,China
100,Fecantis Aset,Lahore,Pakistan
101,Terelde Whe,Dallas,United States
102,Dorenst Tofand,Istanbul,Turkey
103,Pet2to<ofa%ag T4Ther3re,Qiqihar,China
104,Sedb Windurt,Tehran,Iran
105,Amope Prged,Quanzhou,China
106,Hati Titi,Casablanca,Morocco
107,Elathath Tari,Shuozhou,China
108,Arntanf Amecedar,San Antonio,United States
109,Respo Shise,Binzhou,China
110,Athout Ancaco,Sacramento,United States
111,Teadst Dorondan,Qiqihar,China
112,Tith Cuagi,Lagon,Nigeria
113,Lispon Deand,Seattle,United States
114,Thale Alr,San Francisco,United States
115,Wenerav Tior,New York,United States
116,Cinti Thorevom,São Paulo,Brazil
117,Onstiris Placari,Changzhi,China
118,Fofa Hecoeerc,Mumbai,India
119,Jure Grrion,Barcelona,Spain
120,Stlaieddld Mmpeys,Xingtai,China
121,Deamperrai Led,Seoul,South Korea
122,Teit Capar,New York,United States
123,Ose Damas,Seoul,South Korea
124,Somamefo Kind,São Paulo,Brazil
125,Rero Iretnjolp,New York,United States
126,Enepthaci Tonedr,Bogotá,Colombia
127,Pecofi Apurgla,Chicago,United States
128,Cafe7es Wrm:mi2ifrer,Seoul,South Korea
129,Ideacandd Liedor,Xiamen,China
130,Bur Aldinnst,Dhaka,Bangladesh
131,Wabo Hefiavern,Cairo,Egypt
132,Manu Angemes,Kinshasa,Congo (Kinshasa)
133,Pussth Thioprsoc,Chicago,United States
134,Aspr Emedea,New York,United States
135,Hedi Ofouri,New York,United States
136,Athendike Wou,Detroit,United States
137,Anomifo Tyde,Los Angeles,United States
138,Cthobll Methea,Las Vegas,United States
139,Ofes Llsthare,New York,United States
140,Thoffo ) Akerie,New York,United States
141,Trioshos Atone,Seoul,South Korea
142,Athe Rnererghe,Jakarta,Indonesia
143,Lofr Cicate,Las Vegas,United States
144,Pryoreng Fobe,Los Angeles,United States
145,Deric Hari,New York,United States
146,Timi Ovequffas,Wuhan,China
147,Woler Tharith,Mumbai,India
148,Terif Teresho,Heze,China
149,Inyeta Topr,Nagoya,Japan
150,Therv Ofthe,Miami,United States
151,Hev A!An+norsan9n,Foshan,China
152,Tominte Casiou,San Miguel de Tucumán,Argentina
153,Tone This,Tehran,Iran
154,Odrs Merice,San Francisco,United States
155,Min Ofes,Kansas City,United States
156,Feyiz Mstheng,Hong Kong,Hong Kong
157,Esures Peffac,Tangshan,China
158,Wnalesheb Orgo,São Paulo,Brazil
159,Fil Hustsa,New York,United States
160,Ployseith Cccat,Vancouver,United States
161,Amperel Aiali,Changzhi,China
162,And Aithac,Atlanta,United States
163,Indedg Lssulsim,San Francisco,United States
164,Hesacieco Hivan,Chengdu,China
165,Msounale Wofirshere,New York,United States
166,Teuri Mentthe,San Antonio,United States
167,Hendof Werd,Xianyang,China
168,Thifangon Eymatwate,Beijing,China
169,Ior Oopuanti,Tokyo,Japan
170,Outh Theather,Riverside,United States
171,Anto Byevede,Mirzāpur,India
172,Wiomathi Hasonthe,Chennai,India
173,Cerme Whike,Lu’an,China
174,Therys Ienuso,Deyang,China
175,Quringisp Suellerde,Minneapolis,United States
176,Hit Hesigi,Atlanta,United States
177,Tigrinlat Thal,Belo Horizonte,Brazil
178,Alitofo Timp,New York,United States
179,Siv Aulde,Qingdao,China
180,Indethe Cedeno,New York,United States
181,Walllengen Chadom,Nagoya,Japan
182,Hidi Ceest,Boston,United States
183,Fod Weo,Tokyo,Japan
184,Titsch Bjen,Huaihua,China
185,Weso Henoveam,Istanbul,Turkey
186,Stod Wathec,Shenzhen,China
187,Ara Edendea,New York,United States
188,Indedis Profedre,Lagos,Nigeria
189,Meysormor Eitiss,Moscow,Russia
190,Avebthe Peeroon,Meizhou,China
191,Whel Oregh,Qinzhou,China
192,Wof Mmepo,Delhi,India
193,Prersea Arm,Manila,Philippines
194,Tinof Meser,Tianjin,China
195,Thorio Weatandel,Shanghai,China
196,Yeane Rfou,Chongqing,China
197,Ceambl Atar,Jakarta,Indonesia
198,Urtitre Remiol,Dhaka,Bangladesh
199,Dhin Mpame,Xi’an,China
200,Asoweav Deyollle,Yibin,China
201,Sasimsha Hailonn,Los Angeles,United States
202,Prol Aki,Tokyo,Japan
203,Oschor Tamben,Bangkok,Thailand
204,Weyent Fosessfi,Guadalajara,Mexico
205,Uppu Desthigrds,Los Angeles,United States
206,Pertrn Ptera,Kuala Lumpur,Malaysia
207,Mathe Inthe,Jakarta,Indonesia
208,Asicedere Pueiare,Wuhan,China
209,Burey Ocilunden,Chicago,United States
210,Ongoorath Omeit,New York,United States
211,Cighe Pllofeaio,Riyadh,Saudi Arabia
212,Osimbyo Tonalemel,Jakarta,Indonesia
213,Hedrns Orate,Chicago,United States
214,Pecetof Linu,New York,United States
215,Ther Catyof,San Diego,United States
216,Hintha Dilewo,Quanzhou,China
217,Atonc Tesoure,Tai’an,China
218,Woupeeo Nes,Virginia Beach,United States
219,Solalseco Tldec,Philadelphia,United States
220,Lanchinge Auruta,Shanghai,China
221,Whero Tinath,Huaihua,China
222,Theghesi Iothinc,Tucson,United States
223,Sfind Antho,Dongguan,China
224,Atety Ip`pewherers,New York,United States
225,Inerlla Busawh,Philadelphia,United States
226,Iseveun Thei,Jining,China
227,Tiavet Iean,Seoul,South Korea
228,Tincler Suc,Manila,Philippines
229,Tea Achi,Jakarta,Indonesia
230,Ghereelst Foldeq,Jakarta,Indonesia
231,Dacow Moma,Mirzāpur,India
232,Mencucas Maintheve,Washington,United States
233,Wisthaby Sucedo,New York,United States
234,Wirsu Quke,Delhi,India
235,Teder Ticand,Changchun,China
236,Trini Cast,Istanbul,Turkey
237,Nnan Med,New York,United States
238,Ofowe Adonth,New York,United States
239,Andequ Tser,Delhi,India
240,Withem Wedinv,Yangquan,China
241,Ofiduc Encolo,Istanbul,Turkey
242,Pesthe Estedurt,Ganzhou,China
243,Ceryov Anse,Jieyang,China
244,Ewatheri Equmpr,Boston,United States
245,DavicWoteing,Chicago,United States
246,Isore Owildoma,Jakarta,Indonesia
247,Dea Bysheal,Tokyo,Japan
248,Foner Lyonde,Los Angeles,United States
249,Alyoraba Lser,Tokyo,Japan
250,Whealv Yloineat,Shanghai,China
251,Prucer Ofethe,New York,United States
252,Sororbe Lis,Los Angeles,United States
253,Thear Pror,Miami,United States
254,Enacer Orn,Mumbai,India
255,Ichec Mis,Los Angeles,United States
256,Oult Tofode,Xiangyang,China
257,Ousomean>n 0 Alon,Wuxi,China
258,Otes Aton,Linyi,China
259,Uprendust Rindor,New York,United States
260,Jeres Lyerise,Kolkāta,India
261,Dande Adenovequ,Tokyo,Japan
262,Higrke Clyavo,Buenos Aires,Argentina
263,Mafingsi Whedismel,Shanghai,China
264,Sediplolo Thentuidi,Delhi,India
265,To^on!ne-e Enue,Lagos,Nigeria
266,Ilena Sinever,Los Angeles,United States
267,Dincece Inypoue,Boston,United States
268,Tronth Ondreaba,Tokyo,Japan
269,Prinere Priveano,Rio de Janeiro,Brazil
270,Indo Cti,Kunming,China
271,Amegnd Liton,Yantai,China
272,Erch Sesth,Chicago,United States
273,Oithesis Nespeema,Xiangtan,China
274,Fungioci Atren,Nanyang,China
275,Besp Imoffth,Los Angeles,United States
276,Mydate Wincalsio,Seoul,South Korea
277,Thianha Sande,Ōsaka,Japan
278,Rardi Aphede,Beijing,China
279,Langh Effifte,Delhi,India
280,Crnity Acimshevec,Kunming,China
281,Titel Cerger,Guadalajara,Mexico
282,Iease Eeslerath,Miami,United States
283,Codesurgo Iend,Los Angeles,United States
284,Afen Medext,Nanchong,China
285,Relech Ithon,Ludhiāna,India
286,Amenv Tumeline,Dongguan,China
287,Strured Trerisemon,Changsha,China
288,Onlic Lddsp,Tokyo,Japan
289,Ahesh Astiefen,Manila,Philippines
290,Siliche Apea,Houston,United States
291,Dredo Cegogredin,New York,United States
292,Disme Ccheysthav,Houston,United States
293,Cofan Eatif,Manila,Philippines
294,Henedus Vangeche,Baku,Azerbaijan
295,Toysidi Kfriteas,Barcelona,Spain
296,Tansi Apath,New York,United States
297,Tinvingro Rtera,Jakarta,Indonesia
298,Beppri Tenofowab,Beijing,Pakistan
299,Sece Inetiecye,New York,United States
300,Onomea Avea,Cairo,Egypt
301,Itu Toub,Worcester,United States
302,Pume Intghelas,Timbío,Colombia
303,Tandindin Ther,Delhi,India
304,Ainian Foro,Delhi,India
305,Rladll Arees,Jacksonville,United States
306,Itst Ditere,Chicago,United States
307,Thun Sendi,London,United Kingdom
308,Tsundasi Crablys,Washington,United States
309,Wonasoux Tindven,Delhi,India
310,Ofivisa Sha,Nanning,China
311,Ctoss Che,Shaoyang,China
312,Minsmeshe Oxpancun,Los Angeles,United States
313,Dibon Stegeathi,Tangshan,China
314,Onira Tizesedyma,Tokyo,Japan
315,Prefofs Testw,San Francisco,United States
316,Menalayo Ierellas,Al Manşūrah,Egypt
317,Stsithea Aces,Shijiazhuang,China
318,Aronde Cazeco,Shangqiu,China
319,Ccongin Mallyengid,Delhi,India
320,Weviter Hindantho,Bozhou,China
321,Tofe Dgife,Detroit,United States
322,Isthesem Tind,Delhi,India
323,Arcondem Tally,Cairo,Egypt
324,Twan The,Handan,China
325,Asempl Anad,Dallas,United States
326,Ancir Theirasedo,New York,United States
327,Athasthe Rtomex,Mashhad,Iran
328,Yoory > Fo2orll,Miami,United States
329,Quscaso Bost,New York,United States
330,Sotrv Therolered,New York,United States
331,Amed Intano,Boston,United States
332,Celute Osouc,Wuxi,China
333,Ombeckent Dssis,Houston,United States
334,Prats Tatr,Shenzhen,China
335,Aiab Ong,Los Angeles,United States
336,Omu Dithit,Washington,United States
337,Beiakin The,Atlanta,United States
338,Enist Tldeso,Jiangmen,China
339,Veifr Itif,Los Angeles,United States
340,Cacl Thed,Jakarta,Indonesia
341,Pherr Pris,Dhaka,Bangladesh
342,Taril Faredend,Los Angeles,United States
343,Lencr Mpondhoded,Shenzhen,China
344,Mul Ite,Quezon City,Philippines
345,Chets Oudera,Delhi,India
346,Batene Atus,New York,United States
347,Distal Chothend,Kinshasa,Congo (Kinshasa)
348,Oualsso Vogelance,New York,United States
349,Arrou Trth,New York,United States
350,Tinotr Gederise,Yaoundé,Cameroon
351,Frien Caldder,Shahr-e Qods,Iran
352,Stinkisu Thepour,New York,United States
353,Estrint Areni,Chengdu,China
354,Agryes Anie,Dongguan,China
355,Cunyic Ptherill,Delhi,India
356,Aneeso Quxte,Las Vegas,United States
357,Berers Wanem,Jakarta,Indonesia
358,Thed Xtespll,New York,United States
359,Aten Thyeare,Nantong,China
360,Folli Thnso,Miami,United States
361,Ata Htsita,Mumbai,India
362,Pena Avatheture,Shanghai,China
363,Angng Shiton,Tokyo,Japan
364,Mohof Sywe,Tokyo,Japan
365,Orthe Tofof,Detroit,United States
366,Athi Ciokithec,Manila,Philippines
367,Ibla Cachedd,Baotou,China
368,Winsotut Oweyst,New York,United States
369,Ghenatom Ini,Shanghai,China
370,Athik Bentuti,São Paulo,Brazil
371,Feni Defradi,Shanghai,China
372,Orga Oshthe,New York,United States
373,Thiof Luty,Incheon,South Korea
374,Nir Poiker,Chicago,United States
375,Gesoua Sscoctilac,Manila,Philippines
376,Osetoof Hedimb,Delhi,India
377,Ftinomm Aisthes,Shenzhen,China
378,Mpof Theduldan,Los Angeles,United States
379,Whoifope Tiversand,Los Angeles,United States
380,Isilsi Arydwi,Nanning,China
381,Sai Anth,Yiyang,China
382,Tharada Callyond,Tokyo,Japan
383,Disste Heribery,Zhoukou,China
384,Redrer Fous,Delhi,India
385,Beanc Diow,Oujda-Angad,Morocco
386,Ficelk Heyoury,Chicago,United States
387,Torof Pen,New York,United States
388,Thenti Ithese,Seoul,South Korea
389,Cemeal Soffa,Shangqiu,China
390,Akelo Plors,Cincinnati,United States
391,Aseso The,Ganzhou,China
392,Hedelies Tide,Tokyo,Japan
393,Congl Ciin,New York,United States
394,Twhoues Ariay,Linyi,China
395,Rerer Calflifu,Washington,United States
396,Posedev Odindo,Delhi,India
397,Hentevense Dextoreda,Tokyo,Japan
398,Sedrdit Mcoro,Maoming,China
399,Fantheea Theo,Dhaka,Bangladesh
400,WacloRasthem,Harbin,China
401,Row Owhea,Washington,United States
402,Bondterst Citasyo,Jakarta,Indonesia
403,Tesibuch Alde,Philadelphia,United States
404,Pengh Ksat,Tokyo,Japan
405,Ongasyore Ooron,Jinan,China
406,Bllisorld/de*e ' Cedagerirg,Los Angeles,United States
407,Thea Equelu,Jakarta,Indonesia
408,Wai Lva,Shaoyang,China
409,Becofla Haseq,New York,United States
410,Perr Omato,Nagoya,Japan
411,Baloutale Trillal,Changchun,China
412,Asn Ounderd,Brisbane,Australia
413,Aspin Wha,Buenos Aires,Argentina
414,Theedino Adeakea,Beijing,China
415,Dededud Tousca,Dhaka,Bangladesh
416,Enila Lerrint,Los Angeles,United States
417,Deadenel Tingn,Handan,China
418,Peymedut Lul,Cairo,Egypt
419,OnntonSthan,Queens,United States
420,Icese Kipoina,Orlando,United States
421,Ong Ansiner,Philadelphia,United States
422,Tlilo Chis,Philadelphia,United States
423,Imerynt Drngo,Ahmedabad,India
424,Wed Vea,Seoul,South Korea
425,Seshed Blvete,Bangalore,India
426,Ntes Teraverin,Tokyo,Japan
427,Bethoaby Tumec,Luanda,Angola
428,Dindeda Tlio,Istanbul,Turkey
429,Beditule Sthedyses,Queens,United States
430,Denth Abthe,Chennai,India
431,Tuax Ledyo,Los Angeles,United States
432,Kereat Tiv,Rio de Janeiro,Brazil
433,Rtitweth Warse,Zhumadian,China
434,Anedinac Peaploncce,Kinshasa,Congo (Kinshasa)
435,Imatizamy Muthter,London,United Kingdom
436,Diofor Tere,Los Angeles,United States
437,Aredon Himeiesc,New York,United States
438,Onavedirf Hereru,Kamakurayama,Japan
439,Tedou Sic,Gaoping,China
440,Nthom Panin,Hollywood,United States
441,Oranivioug Endofit,New York,United States
442,Miexang Tiseaqu,Karachi,Pakistan
443,Tit Iaierin,Jiangmen,China
444,Marexicov Ocirea,Miami,United States
445,Hert Pesomst,Ganzhou,China
446,Shorily Heranthart,Shanghai,China
447,Shoi Tyam,Washington,United States
448,Thathenghe Ontlye,Manila,Philippines
449,Pponghate Fin,São Paulo,Brazil
450,Odeded Pat,Denver,United States
451,Tenach Ffibrserss,New York,United States
452,Onelin Buc,Ahmedabad,India
453,Alede And,Muntinlupa City,Philippines
454,Dicr Mity,Kolkāta,India
455,Anyinto Itith,Jakarta,Indonesia
456,Huth Are,Xiangyang,China
457,Cuex Meareri,London,United Kingdom
458,Ecinedas Alofong,Linyi,China
459,Beselia Entrker,New York,United States
460,Defa Alved,Chicago,United States
461,Rves Vaffe,Delhi,India
462,Ondriop Bopel,Baltimore,United States
463,Ndeamina Tacos,New York,United States
464,Wes Chevorlyn,Bangkok,Thailand
465,Fofrabest Angrnofrn,Delhi,India
466,Tie Yolafond,Philadelphia,United States
467,Lsisar Fiteche,Xi’an,China
468,Artat Terso,Jakarta,Indonesia
469,Ghal Acoumye,Nanyang,China
470,Seace Gne,Dallas,United States
471,Mendor Ancti,Austin,United States
472,Pepatosl Agesis,Washington,United States
473,Luronnti Cocai,Lima,Peru
474,Evee Tueri,Chengdu,China
475,Wiatev Perm,Hefei,China
476,Imatog Ibre,Lu’an,China
477,Ofonearbeh Veronenti,Guangzhpu,China
478,Sestor Iscurawec,New York,United States
479,Thek Oninde,Manila,Philippines
480,Towangu Witul,Jakarta,Indonesia
481,Thed Glopr,Rio de Janeiro,Brazil
482,Shmin Tissthie,Bangkok,Thailand
483,Conduangr Athor,Tokyo,Japan
484,Ion Omme,Beijing,China
485,Ctatin Theuerinde,San Diego,United States
486,Dinghemi Thesu,New York,United States
487,Stiat Wiss,Dallas,United States
488,Alolfou Domo,New York,United States
489,Yndoco Ishi,New York,United States
490,Thoft Iquserard,Nagoya,Japan
491,Anorikdin Ibyed,Lagos,Nigeria
492,Ivent Ioris,Los Angeles,United States
493,Puari Despeos,Jakarta,Indonesia
494,Pitid Onert,Seoul,South Korea
495,Wiowailet Inictediof,New York,United States
496,Wofro Omeve,New York,United States
497,Muns Ererefi,Mexico City,Mexico
498,Veedsean Enone,New York,United States
499,Cende Anohrcolen,Nangandao,China
500,Whes Arerontse,Phoenix,United States
501,Lemyo Ersteat,Minneapolis,United States
502,Spog Inyin,Dallas,United States
503,Done Etichat,New York,United States
504,Arere Inane,Buenos Aires,Argentina
505,Whatof Thengy,Delhi,India
506,Tyomupech Titag,Springfield,United States
507,Sindo Pilith,Los Angeles,United States
508,Illper Mumeyses,Kolkāta,India
509,Peac Sthofofo,Chicago,United States
510,Qured Thedito,Jining,China
511,Inyoss Evem,Sacramento,United States
512,Worar Ofrecule,Tokyo,Japan
513,Atio Finap,Delhi,India
514,Alelaso Wertiven,New York,United States
515,Attheshe Aslatylsar,Miami,United States
516,Wasurss Whet,Shanghai,China
517,Wonde Tore,New York,United States
518,Biorofo Aufflarsth,Dallas,United States
519,Mario Owoom,New York,United States
520,Athei The,Bangalore,India
521,Stean Athen,Seoul,South Korea
522,Alolingre Atyit,Tehran,Iran
523,Memi Whencore,Columbus,United States
524,Ssitefori Stindgur,São Paulo,Brazil
525,Ofrath Ithinomur,Ho Chi Minh City,Vietnam
526,Freghepo Temeedhtiv,Moscow,Russia
527,Own Mealif,Charlotte,United States
528,Pthen Tryecher,Xiaoganzhan,China
529,Whaionoro Indgh,Chengdu,China
530,Ithev Scellue,New York,United States
531,Yorsesof Mep,Xiangyang,China
532,Temu Teeveea,Dallas,United States
533,Decavet Schexi,Shanghai,China
534,Ttico Tin,Chicago,United States
535,Rtmouse Gereadatha,Madrid,Spain
536,Atoure Ingung,Seoul,South Korea
537,Daglubldia Gech,Madrid,Spain
538,Bithu Seryi,Manila,Philippines
539,Thitarere Ppaffin,Seoul,South Korea
540,Tichie Ede,Houston,United States
541,Glathol Ave,Dallas,United States
542,Ineve Whou,Kunming,China
543,Tesh Vexith,Guangzhou,China
544,Anobethes Nkert,Ji’an,China
545,Tisobumes Adabjundd,Moscow,Russia
546,Thane Dseskin,Kinshasa,Congo (Kinshasa)
547,Orymp Esshei,Mexico City,Mexico
548,Hyexit Torsane,Detroit,United States
549,Binedg Winjul,New York,United States
550,Feninc Ica,Los Angeles,United States
551,Texp Pldic,New York,United States
552,Thext Cathe,New York,United States
553,Besiofiras Tensaladny,Dallas,United States
554,Sotia Ithithar,Delhi,India
555,Oupo Gnes,Yiyang,China
556,Dinadsmi Limeraroje,Tokyo,Japan
557,Esthit Ben,Delhi,India
558,Garoi Oftha,Washington,United States
559,Henal Cccthu,Ōsaka,Japan
560,Tenix Thes,Seoul,South Korea
561,Thidegensa Merouge,Moscow,Russia
562,Wamsest Enorert,Ōsaka,Japan
563,Ttucona Findoctit,Atlanta,United States
564,Ondicome Dondie,Ikare,Nigeria
565,Breri Ongemean,Los Angeles,United States
566,Clichinosp Yolyedo,Los Angeles,United States
567,Nthethini Werine,Manila,Philippines
568,Plorth Henedinum,Tokyo,Japan
569,Dseavit Coro,Suihua,China
570,Thente Basthant,Dhaka,Bangladesh
571,Therimar Athall,Tokyo,Japan
572,Leve Andi,Jaipur,India
573,Senarverli Thanc,Washington,United States
574,Esule Wngarmi,Shaoguan,China
575,Meng Pinl,Karachi,Pakistan
576,Ches Imayast,Miami,United States
577,Andopor Tecla,Jakarta,Indonesia
578,Eaverers Roro,Atlanta,United States
579,Enaon Monsti,Houston,United States
580,Gulothitu Hofooduter,New York,United States
581,Thollu Ofiplath,Houston,United States
582,ItharLsennshega,Nyala,Sudan
583,Ourdge Thringer,Shanghai,China
584,Lllenche Tissa,Cincinnati,United States
585,Thobstou Shoust,Nagoya,Japan
586,Yofesue Mion,Chicago,United States
587,Chericar Ayllugeros,Chicago,United States
588,Aletis Ares,Zhaotong,China
589,Inathiss Sentounoiv,Daegu,South Korea
590,Soffong Reder,Delhi,India
591,Sin Thid,Lahore,Pakistan
592,Qule Aggas,Tokyo,Japan
593,Tarsu Cthra,Xuanzhou,China
594,Fathericrd Ghi,New York,United States
595,Ithev Spls,Zhanjiang,China
596,Maspiomp Dshequn,Delhi,India
597,Besin Pleasy,Seoul,South Korea
598,Whinde Appeeana,Fuyang,China
599,Drendeni Folli,Tokyo,Japan
600,Reef Moc,Mexico City,Mexico
601,Mengr Ayint,Hefei,China
602,Tidiort Upicotyor,Paris,France
603,Msan Owngut,Dallas,United States
604,Plushero Arcteashe,Philadelphia,United States
605,Siverope Whulth,Jakarta,Indonesia
606,Whalia Ighe,Los Angeles,United States
607,Tiurather Sinth,Buenos Aires,Argentina
608,Wbed Tushay,Loudi,China
609,Wiatico Beshat,San Diego,United States
610,Owhe Arlys,Delhi,India
611,Bens Iconso,Philadelphia,United States
612,Cest Dststhacre,Mumbai,India
613,Ucres Mesther,Guangzhou,China
614,ToulyedTaki,Lu’an,China
615,Hec Iocout,Chicago,United States
616,Bendent Mederide,Bangkok,Thailand
617,Meedg Eyou,Los Angeles,United States
618,Andedicev Elluan,Nanyang,China
619,Coro Thanth,New York,United States
620,Theartyope Angnt,Changsha,China
621,Poallof Waniea,Changde,China
622,Owan Tanut,Beijing,China
623,Ponstt Tifi,New York,United States
624,Gorolor Rss,Washington,United States
625,Desth Sesith,Wuxi,China
626,Ssind Tiche,New York,United States
627,Ayepr Rvghenth,Phoenix,United States
628,Thomit Antheg,Ibadan,Nigeria
629,Ciny Atiti,Los Angeles,United States
630,Eristca Rvea,Moscow,Russia
631,Wof Thab,Dhaka,Bangladesh
632,Gheiesemp Sixp,Boston,United States
633,Therthindi Tinstingr,Ürümqi,China
634,Der Lean,Yokohama,Japan
635,Heran Checta,New York,United States
636,Tede Dertha,Caloocan City,Philippines
637,Otaf Acungle,Buenos Aires,Argentina
638,Urelinato Cealimanss,Delhi,India
639,Cinseserm Oseyo,Shenzhen,China
640,Telenpy Ldiciand,Tokyo,Japan
641,Ofotherern Veredise,Heyuan,China
642,Finpalew Dofrsinat,New York,United States
643,Veryo Ntutoradi,Miami,United States
644,Erapan Antit,Kansas City,United States
645,Hega Anusprat,Mexico City,Mexico
646,Ingen Atofati,Yulin,China
647,Shareic Tste,Binzhou,China
648,Bedigayon Vandins,Beijing,China
649,Iponghagh Ardsun,Tokyo,Japan
650,Stintinge Cecoup,Manila,Philippines
651,Oon Chederk,Los Angeles,United States
652,Onov Ton,Atlanta,United States
653,Grere Ademofi,Tokyo,Japan
654,Enstior Cucequ,Mexico City,Mexico
655,Tes Wach,Portland,United States
656,Erc Ngryoon,Cairo,Egypt
657,Athoue Orase,Xi’an,China
658,Tatalou Afote,Manila,Philippines
659,Ecot Aked,New York,United States
660,Tofoti Areger,New York,United States
661,Surhedili Shelyondi,Tokyo,Japan
662,Trece Tofliff,Dallas,United States
663,Cthego Edic,Mexico City,Mexico
664,Ancollved Stim,Beijing,China
665,Ofiowisper Alepse,Nagoya,Japan
666,Hees Toneranth,Heze,China
667,Kere There,Houston,United States
668,Therodi Arocreet,Milwaukee,United States
669,Thim Esicyo,Houston,United States
670,Pringe The,London,United Kingdom
671,Meengo Leatr,Mumbai,India
672,Senan Shin,Shanghai,China
673,Derderu Qupli,Beijing,China
674,Lecerte Onoffo,Fukuoka,Japan
675,Iopoth Chenwow,Jakarta,Indonesia
676,Leat Welast,Buenos Aires,Argentina
677,Igive Wanddiv,New York,United States
678,Blochantes Unthed,Dezhou,China
679,Indus Lysspomo,Ahmedabad,India
680,Boushe Atht,Shijiazhuang,China
681,Hadippersp Soppor,Bangalore,Brazil
682,Gsit Tim,Riverside,United States
683,Fthein Pedicchr,Nantong,China
684,Arki Omideg,Los Angeles,United States
685,Athithe Ashe,Alexandria,Egypt
686,Ohecuprio Teedit,Bijie,China
687,Herecassy Igrurengor,Boston,United States
688,Sionterde Arear,Shijiazhuang,China
689,Hicespe Pen,Yangjiang,China
690,Wofuallv Eliame,Jakarta,Indonesia
691,Chichen Alte,Pittsburgh,United States
692,Tinesekid Pent,Baoding,China
693,Omanin Iorma,New York,United States
694,Bleafofi Kedes,Wuhan,China
695,Cowany Uinthend,Dhaka,Bangladesh
696,Tiange Gowes,Manila,Philippines
697,Oveste Ftrn,Hancheng,China
698,Msadseer Wactofor,Austin,United States
699,Noreamprg Litsh,Jakarta,Indonesia
700,Ctondere Tcal,New York,United States
701,Vredi Tillon,Chicago,United States
702,Theto Tacond,Bogotá,Colombia
703,Tofi Zerer,Philadelphia,United States
704,Mirkn Clak,Delhi,India
705,Byokindeer Amor,Yuxi,China
706,Shesi Istico,Manila,Philippines
707,Bowhband Ilares,Jakarta,Indonesia
708,Ashaca Diti,San Jose,United States
709,Ina Arendess,Cairo,Egypt
710,Tismes Oudilonc,Chennai,India
711,Ilelons Sede,Weifang,China
712,Aysp Ine,New York,United States
713,Dendes Jusshemo,Linyi,China
714,Blomilir Sityeara,Dallas,United Statec
715,Anedepot Dent,Miami,United States
716,Umiss Bjubexcyc,Jakarta,Indonesia
717,Dsed Mseeindos,Los Angeles,United States
718,Franear Ofat,Jakarta,Indonesia
719,Idais Hlurast,Saint Petersburg,Russia
720,Oryon Alyofroriv,New York,United States
721,Grig Tantunath,Chicago,United States
722,Tound Cldlyruga,Jakarta,Indonesia
723,Lingeputi Spolidera,Tokyo,Japan
724,Aves Thest,Cairo,Egypt
725,All Heseatis,Chicago,United States
726,Titoul Lyestche,Cairo,Egypt
727,Atimug Ove,Zhengzhou,China
728,Astute Darani,Los Angeles,United States
729,Dinso Testh,Guangzhou,China
730,Lorssore Stheiadizp,Cairo,Egypt
731,M&Mer Thaio,Delhi,India
732,Avof Arni,Patna,India
733,Ofas Dicevend,Delhi,India
734,Vedtmun Given,Los Angeles,United States
735,Heemo Hthar,New York,United States
736,Lethe Worune,Rio de Janeiro,Brazil
737,Ionaten Thaci,Zhoukou,China
738,Onulinte Mert,Rome,Italy
739,Thef Wediti,Mexico City,Mexico
740,Alpa Wig,Washington,United States
741,Rersth Wireshexpo,Denver,United States
742,Teripom Assapar,Boston,United States
743,Falerequs Hicoye,Jakarta,Indonesia
744,Col Mar,Fuyang,China
745,Ofognct Mathokinea,Lagos,Nigeria
746,Thisat Wrdulusph,São Paulo,Brazil
747,Tterasther Ionor,Xingtai,China
748,Ansuth Jofoulist,Guangzhou,China
749,Etoth Iren,Chennai,India
750,Tempesuti Apende,Jakarta,Indonesia
751,Bseli Gedtinde,San Francisco,United States
752,Histan Themsa,Brooklyn,United States
753,Yowimio Oliforly,Yekaterinburg,Russia
754,Omasondeli Horor,Mumbai,India
755,Thin Efetodei,Washington,United States
756,Prou Whesink,Jakarta,Indonesia
757,Tonther Ingherse,Mexico City,Mexico
758,Qufonge Aulorath,New York,United States
759,Jus Oute,Miami,United States
760,Tuma Gipe,Cairo,Egypt
761,Tertorisy Owaprpo,Khartoum,Sudan
762,Nteri Ssssof,Seattle,United States
763,Ostoyoruf Itenchon,Yibin,China
764,Whed Dmoud,New York,United States
765,Whegn Iothe,New York,United States
766,Bendere Henayp,Los Angeles,United States
767,Justont Celdrr,Baton Rouge,United States
768,Culen Tha,St. Louis,United States
769,Hian Riof,Mumbai,India
770,Oeder Tinit,Shanwei,China
771,Xadulen There,Zhengzhou,China
772,Dlastri Henod,Tokyo,Japan
773,Ndil Prulu,Jakarta,Indonesia
774,Agson Fforor,Shenzhen,China
775,Tuiecec Sstesmoyp,New York,United States
776,Wereddo Prbli,New York,United States
777,Teanor Thedeesq,New York,United States
778,Alll Keshe,Nanjing,China
779,Eisp Ypommpo,Tangshan,China
780,Nofemomy Orang,Guayaquil,Ecuador
781,Tseres Wresor,Tokyo,Japan
782,Bonce Wiou,Shanghai,China
783,Thon Wrmero,São Paulo,Brazil
784,Thyormmace Piramo,Rio de Janeiro,Brazil
785,Simuriod Ofoffo,Bagam,Indonesia
786,Hitealeras Ouriop,Chicago,United States
787,Grathas Benit,Mexico City,Mexico
788,Theang Ich,Chengdu,China
789,Amate Aren,Pune,India
790,Fonce Therive,Luanda,Angola
791,Irst Asungato,Xingtai,China
792,Ather Chedoom,Chongqing,China
793,Toho Theeluliat,Ōsaka,Japan
794,Theldr Bramec,Hengyang,China
795,Cerar Palico,New York,United States
796,Mase Alleranea,Jakarta,Indonesia
797,Areeta Dis,Cairo,China
798,Ityag Utr,New York,United States
799,Atorea Mosst,Kinshasa,Congo (Kinshasa)
800,Stolyout Laterere,Linyi,China
801,Tonct Barse,Jakarta,Indonesia
802,Criec$ce Thembe,Tulsa,United States
803,Abenore Dedede,New York,United States
804,Esciece Fitli,Atlanta,Unqted States
805,Anton Tes,Manila,Philippines
806,Fofor Semexchoro,Los Angeles,United States
807,Chen Wintstiou,Beijing,China
808,Motumpret Lll,Chicago,United States
809,Tellineelo Weofof,Rizhao,China
810,Celoket Yecish,Bangalore,India
811,Wecthe Hectizafes,New York,United States
812,Lathede Theander,Fuyang,China
813,Ysic Ineraud,New York,United States
814,Ssirm Andewen,Cairo,Egypt
815,Astaintt Outiome,Portland,United States
816,Sererq Ofoul,Boston,United States
817,Owag Sthex,Tokyo,Japan
818,Wnedu Tciobiran,Jeddah,Saudi Arabia
819,Tcrechofo Cais,Changchun,China
820,Ithor Scte,Tehran,Iran
821,Rhang Chosysor,Istanbul,Turkey
822,Latith Disinth,Philadelphia,United States
823,Abysundd Atyev,São Paulo,Brazil
824,Rsum Haile,Miami,United States
825,Jabeduaty Rde,Baoding,China
826,Geth Geratof,Tongliao,China
827,Stalldi Bat,Beijing,China
828,Stongm Mouioma,Houston,United States
829,Tinsema Tonc,Maoming,China
830,Thies Oridong,Manila,Philippines
831,Thamed Tevend,Shijiazhuang,China
832,Ttis Ftesu,New York,United States
833,Bunupea Monadeasel,Ouagadougou,Burkina Faso
834,Tathenyo Finderr,São Paulo,Brazil
835,Hevimben Consthak,Baltimore,United States
836,Ndesegsto Prpenisse,Guangzhou,China
837,Udedi Ethrer,New York,United States
838,Sthesthend Forshe,Santiago,Chile
839,Onthikfi Nalarere,Tongshan,China
840,Gndia Sevistsle,Melbourne,Australia
841,Orith Burk,Chula Vista,United States
842,Whenes Tinse,Seoul,South Korea
843,Mmmofti Owithefi,Hanoi,Vietnam
844,Ithed Vifowan,New York,United States
845,Sawheot Initinas,Tokyo,Japan
846,Sosourengi Warer,Miami,United States
847,Cldesili Inge,Jakarta,Indonesia
848,Lecoflo Ffiar,New York,United States
849,Geron Ashystowo,Chicago,United States
850,Pousu Stilicer,Delhi,India
851,Thasouro Thor,Bogotá,Colombia
852,Hemesh Tonkem,Xiangyang,China
853,Tindic Eetsyert,Tokyo,Japan
854,Lindat Isionesto,Lagos,Nigeria
855,Irgive Chendentr,New York,United States
856,Lorer Whetisul,Yancheng,China
857,Flfulonond Lala,New York,United States
858,Ayint Dedes,Guayaquil,Ecuador
859,Mebon Sedrico,Seoul,South Korea
860,Cad Cese,Honolulu,United States
861,Esc Win,New York,United States
862,Thedr Isstee,Los Angeles,United States
863,Hexise Faricthan,Kuala Lumpur,Malaysia
864,Tharo Inayse,Tokyo,Japan
865,Whenthem Whendorm,Chicago,United States
866,Ouro Hico,Zhongshan,China
867,Yotithuto Iget,London,United Kingdom
868,Mude Acht,New York,United States
869,Tis Thrmuno,Jakarta,Indonesia
870,Ngerex Picbyi,Lima,Peru
871,Aleate Wengrel,Dallas,United States
872,Angr Stwhaldbr,New York,United States
873,Eidesin Arucedea,Boston,United States
874,Sthata Llindefor,Los Angeles,United States
875,Adenc Foffemp,Cairo,Egypt
876,Heneyno Mondex,Columbus,United States
877,Sas Drnsha,Foshan,China
878,Qucterou Thio,Chicago,United States
879,Pourory Cou,Dhaka,Bangladesh
880,Iditarerit Finoorst,Chicago,United States
881,Tocernth Ureamof,Tianjin,China
882,Dinty Lldunsor,Budapest,Hungary
883,Sproui Palys,Changde,China
884,Esut Tirsthth,Baotou,China
885,Aungenthe Tofother,Huizhou,China
886,Asoadonddg Ohousee,Giza,Egypt
887,Nith Ther,New York,United States
888,Torkestr Owofove,New York,United States
889,Woto Tropoledi,Sacramento,United States
890,Beroncat Bseterenge,Tokyo,Japan
891,Hesfi Conthin,Jakarta,Indonesia
892,Patant Apr,Vientiane,Laos
893,Oistis Botion,New York,United States
894,Aitlimp Ictrey,Istanbul,Turkey
895,Fisso Inemeerlm,Tokyo,Japan
896,Sistin Stompu,Cairo,Egypt
897,Hesecam Ives,Mumbai,India
898,Wesub Yod,Tehran,Iran
899,Aneysull Afodurmm,Tokyo,Japan
900,Tingedisas Ppryons,Changsha,China
901,Molepole Tunt,Atlanta,United States
902,Titedend Inttorthed,Los Angeles,United States
903,Ctiosem Ichege,Fuyang,China
904,Lyonsi Isarn,Bangkok,Thailand
905,Vailysen Isthec,New York,United States
906,Useprvapl Dyon,Tokyo,Japan
907,Arn Eexpo,Jakarta,Indonesia
908,Isti Ress,Philadelphia,United States
909,Oses Dveevere,Boston,United States
910,Owho Cacunt,Guangzhou,China
911,Ofong Ndimbee,New York,United States
912,Ondin Wisedc,Bangalore,India
913,Adon Astoro,New York,United States
914,Aloter Alyeerm,Providence,United States
915,Frayov Resthirt,Miami,United States
916,Igoula Spiv,Los Angeles,United States
917,Ndigh Wsthe,Buenos Aires,Argentina
918,Nurem Ckescos,San Jose,United States
919,Carentopat Ussh,Manila,Philippines
920,Anthiby Widrest,London,United Kingdom
921,Tintoul Hangi,Moscow,Russia
922,Hor Rguscante,Shanghai,China
923,Bevisl Rkese,Huaihua,China
924,Ishedath Wisuequ,Tianjin,China
925,Hethemesi The,Tokyo,Japan
926,Moryou Talyoysl,Atlanta,United States
927,Gotommpa Dioaimme,Tokyo,Japan
928,Bedeskia Twit,Los Angeles,United States
929,Kemi Lfofin,Jakarta,Indonesia
930,Omese Aruclmym,Huaihua,China
931,Ithai Feron,New York,United States
932,Onghefinto Siches,Dezhou,China
933,Cerde Aneshab,Xinpu,China
934,Ansal Ante,Los Angeles,United States
935,Brali Byetato,Nanning,China
936,Athanes Brgthiti,Chifeng,China
937,Onch Try,Jakarta,Indonesia
938,Yickestong Ppanthei,Jinan,China
939,Asthere Aliesullus,Washington,United States
940,Athindi Otanysi,São Paulo,Brazil
941,Hiongs Ssok,São Paulo,Brazil
942,Inth Matedo,Bronx,United States
943,Cealiss Ssthers,Wuhan,China
944,Thaiakso Dutealiren,Bangkok,Thailand
945,Erthirsono Sernga,Zhangjiakou,China
946,Talis Isalnd,Kolkāta,India
947,Tear Icadegencr,Brooklyn,United States
948,Mechecti Tyomb,Nairobi,Kenya
949,Foanden Sieco,New York,United States
950,Wsucan Memer,Bhopāl,India
951,Thas Agnome,Delhi,India
952,Tseched Andet,Jakarta,Indonesia
953,Msisu Tieris,New York,United States
954,Acc8c Whion?ndal,Taichung,Taiwan
955,Usspearoo Eautacemin,Yantai,China
956,Isarere Serugh,Mexico City,Mexico
957,Estiorn Rlenc,Dallas,United States
958,Angl Toladd,Peshawar,Pakistan
959,Iouas Fidlo,Zhanjiang,China
960,Dushe Pondf,Zhoukou,China
961,Thisthi Seimap,Tokyo,Japan
962,Prourkerf Doaneanat,Washington,United States
963,Thewither Gerneseru,Jiaozuo,China
964,Tit Citin*nthac,Linfen,China
965,Veyonanca Cederiopt,Tokyo,Japan
966,Athequt Akin,Jakarta,Indonesia
967,Cang Dstinen,Chicago,United States
968,Atthe Indedsth,Nantong,China
969,Atub Inelo,Chicago,United States
970,Esp Ath,Tangshan,China
971,Ssenire Poeni,Baghdad,Iraq
972,Cle^eto Erherivery,Mexico City,Mexico
973,Fiss Hanust,Tokyo,Japan
974,Onide Onesevene,Miami,United States
975,Lotshen Tedadsh,Shanwei,China
976,Atrt Athes,Boston,United States
977,Wertexicc Tinaliss,Phoenix,United States
978,Blict Erstrkysos,Tokyo,Japan
979,Sten Cunds,Cleveland,United States
980,Weile Alindigec,Dongguan,China
981,Theclea Ill,Foshan,China
982,Estater Henet,Seoul,South Korea
983,Adin Iat,Saint Petersburg,Russia
984,Bendsi Bynther,Jakarta,Indonesia
985,Couthedo Tomiath,Mexico City,Mexico
986,Ingerd Thethi,Delhi,India
987,Eerincti Maneche,Handan,China
988,Omentepl Mosesce,New York,United States
989,Aece Ompeitamon,Cangzhou,China
990,Othe Gsi,Dhaka,Bangladesh
991,Thinsomet Thoryo,Hangzhou,China
992,Fofeti Indnfacero,New York,United States
993,Bery Lssi,Seoul,South Korea
994,Panrorsech Wdedeecu,Philadelphia,United States
995,Bertant Sshesi,Kolkāta,India
996,Bthiat Tenin,Qingdao,China
997,Medarssous Asypriof,New York,United States
998,Reaswa Ches,Jining,China
999,Erefecie Lthanche,Los Angeles,United States
1000,Mppane Crer,Lagos,Nigeria
