부여군,82
제천시,79
광명시,79
練馬区,76
여주시,74
인제군,72
Bayamon,71
동해시,70
태백시,68
홍성군,67
천안시 서북구,65
성남시 분당구,65
삼척시,64
부천시 소사구,64
부천시 오정구,64
의왕시,63
옥천군,62
印西市,61
수원시,61
小金井市,61
음성군,61
葛飾区,61
Aurangabad,60
Vancouver,60
보은군,60
충주시,59
Cunha,59
영월군,58
三鷹市,58
수원시 장안구,58
Nogueira,57
Peixoto,57
Bathinda,57
東村山市,57
안양시 동안구,56
고양시 일산서구,55
Glendale,54
Toledo,54
川崎市高津区,54
의정부시,54
Correia,53
青ヶ島村,53
공주시,53
香取郡多古町,53
화성시,53
Rezende,52
정선군,52
Almeida,51
Lima,51
청주시 흥덕구,51
川崎市宮前区,51
Campos,50
김포시,50
あきる野市,50
태안군,50
Ribnitz-Damgarten,49
고성군,49
長生郡長生村,49
시흥시,48
안산시 상록구,48
고양시,48
羽村市,48
Kumbakonam,48
안양시,48
Vellore,48
北区,48
贵阳市,48
과천시,47
Jamalpur,47
가평군,47
평택시,47
안산시,46
永安市,46
청주시 상당구,46
成都市,46
Kansas City,46
Uluberia,45
南房総市,45
西多摩郡瑞穂町,45
横浜市磯子区,45
Cardoso,45
匝瑳市,45
Bihar Sharif,45
Fort Wayne,45
Nascimento,44
横浜市緑区,44
Escondido,44
品川区,44
연천군,44
Pereira,44
大島町,44
狛江市,44
Denton,44
안양시 만안구,44
新宿区,44
Martins,43
福生市,43
Bamberg,43
Tallahassee,43
印旛郡栄町,43
Irving,43
小笠原村,43
Honolulu,43
四街道市,43
君津市,43
稲城市,43
Eichstätt,43
Gonçalves,42
Grand Rapids,42
長生郡一宮町,42
Alves,42
속초시,42
三宅島三宅村,42
Costela,42
용인시 수지구,42
춘천시,42
양평군,42
印旛郡酒々井町,42
서천군,42
서산시,42
福州市,42
Springfield,41
北京市,41
Mendes,41
横浜市旭区,41
화천군,41
香取市,41
Las Vegas,41
济南市,41
양주시,41
철원군,41
da Luz,41
Nagaon,40
Jammu,40
용인시 처인구,40
강릉시,40
양양군,40
Hubli–Dharwad,40
长沙市,40
Oberviechtach,40
Peine,40
杉並区,40
Scottsdale,39
Gulbarga,39
홍천군,39
Pomona,39
Ribeiro,39
청주시 서원구,39
西多摩郡奥多摩町,39
성남시 중원구,39
성남시,39
수원시 권선구,39
St. Paul,39
香取郡神崎町,39
武蔵村山市,38
증평군,38
渋谷区,38
文京区,38
Bakersfield,38
Rochlitz,38
Silva,38
Little Rock,38
Neustadt am Rübenberge,38
横浜市鶴見区,38
兴安盟市,38
中央区,38
Nunes,38
八王子市,38
논산시,38
横浜市栄区,37
町田市,37
성남시 수정구,37
Garden Grove,37
Noida,37
Porto,37
横浜市青葉区,37
哈尔滨市,37
이천시,37
横浜市港北区,37
Joliet,37
da Rocha,37
Pembroke Pines,36
Santos,36
Paradise,36
Oceanside,36
Patna,36
Madanapalle,36
da Cunha,36
Nueva Uganda,36
Anklam,36
Fort Lauderdale,36
Carvalho,36
Sasaram,36
Salem,36
Frisco,36
남양주시,36
Vijayawada,36
欢县,36
Cleveland,35
惠州县,35
西多摩郡日の出町,35
横浜市金沢区,35
청양군,35
괴산군,35
Malegaon,35
Ambattur,35
Fort Worth,35
Rocha,34
Port St. Lucie,34
Dias,34
Don Ville,34
Nashville,34
Stade,34
Bridgeport,34
Bhatpara,34
袖ケ浦市,34
山武郡芝山町,34
浦安市,34
柳州县,34
고양시 일산동구,34
용인시 기흥구,34
Brand,34
Norden,34
Barbosa,34
Fulda,33
Costa,33
Savannah,33
횡성군,33
Belgaum,33
横浜市南区,33
Yonkers,33
淮安市,33
Thiruvananthapuram,33
보령시,33
Barros,33
Hollywood,32
원주시,32
Meißen,32
Oliveira,32
da Mota,32
玉英县,32
Rodrigues,32
Tadipatri,32
Shivpuri,32
Motihari,32
평창군,32
嘉禾县,32
御蔵島村,32
利島村,32
大冶县,32
多摩市,32
동두천시,32
Monteiro,31
长春市,31
Tezpur,31
杭州市,31
日野市,31
St. Louis,31
Columbus,31
Morena,31
八街市,31
하남시,31
沈阳县,31
Wichita,31
中野区,31
富里市,31
Mühlhausen,31
海口市,31
山武郡九十九里町,31
川崎市川崎区,31
梧州市,31
淮安县,31
Thornton,30
Omaha,30
Elk Grove,30
Los Angeles,30
Gangtok,30
천안시 동남구,30
荒川区,30
Surprise,30
Eggenfelden,30
Neustrelitz,30
Ulhasnagar,30
Aurora,30
Sambalpur,30
大網白里市,30
Duarte,30
Schwandorf,30
Amarillo,30
Tyler Ville,30
Karaikudi,30
Shania Ville,30
Seattle,30
Pires,30
Riverside,30
Melo,30
Erode,30
Orlagh Ville,30
Cavalcanti,30
長生郡長南町,29
Eisenach,29
辛集县,29
Chandler,29
岩市,29
Serampore,29
Lancaster,29
Akron,29
Arlington,29
八千代市,29
Ontario,29
고양시 덕양구,29
Moreira,29
凯县,29
Madurai,29
Vieja Fiji,29
계룡시,29
Ghaziabad,29
鴨川市,29
Houston,29
武蔵野市,29
横浜市泉区,29
小平市,29
Baltimore,29
파주시,29
Ravensburg,29
хутір Жидачів,29
شهرستان محمدجواد,28
太原市,28
Lorcan Ville,28
McAllen,28
鎌ケ谷市,28
宁德县,28
Washington,28
Burhanpur,28
부천시,28
Hammelburg,28
단양군,28
Dachau,28
横浜市戸塚区,28
진천군,28
Cape Coral,28
墨田区,28
Freitas,28
佛山县,28
Fiona Ville,27
畅县,27
神津島村,27
Karawal Nagar,27
Fontana,27
Pirmasens,27
Erfurt,27
Novaes,27
Visalia,27
Stadtroda,27
呼和浩特县,27
Thane,27
武汉县,27
合山市,27
長生郡白子町,27
Dehri,27
Güstrow,27
富津市,27
San Juan,27
Pinto,27
Tacoma,27
Jacksonville,27
Tulsa,27
Vohenstrauß,27
das Neves,27
昭島市,27
平县,27
Mesa,27
New York,27
Naihati,27
Nueva Alemania,26
포천시,26
Gifhorn,26
Labbé,26
Chesapeake,26
Detroit,26
Caldeira,26
Azevedo,26
Anton Ville,26
Huntington Beach,26
Milwaukee,26
Gilbert,26
いすみ市,26
世田谷区,26
广州县,26
Jon Ville,26
Fresno,26
Zschopau,26
Haley Ville,26
Heiligenstadt,26
안성시,26
横浜市神奈川区,26
Bhilwara,26
Cincinnati,26
調布市,26
山武市,26
Salt Lake City,26
da Rosa,26
辛集市,26
Gudivada,26
광주시,26
张家港县,25
Tinsukia,25
Judith Ville,25
Laredo,25
Chinsurah,25
San Diego,25
合山县,25
Hospet,25
川崎市多摩区,25
Mettmann,25
Pudukkottai,25
Spring Valley,25
Rochester,25
桂英县,25
横浜市保土ケ谷区,25
国分寺市,25
長生郡睦沢町,25
建国县,25
Buffalo,25
Teixeira,25
巢湖县,25
Orlando,25
玉兰市,25
Charlotte,25
Charleston,24
鹏县,24
부천시 원미구,24
Orlaith Ville,24
Ueckermünde,24
Susannah Ville,24
Laporte,24
Darmstadt,24
惠州市,24
白井市,24
Muzaffarpur,24
Kozhikode,24
千代田区,24
Illertissen,24
수원시 팔달구,24
Casey Ville,24
용인시,24
Ferreira,24
横浜市西区,24
Patiala,24
济南县,24
Wetzlar,24
금산군,24
玲县,24
da Paz,24
안산시 단원구,24
Aragão,24
Eoghan Ville,24
к. Крымск,24
长沙县,24
通辽县,24
横浜市瀬谷区,24
Sioux Falls,24
دهستان نازنین زهرا,23
燕县,23
Fogaça,23
Silveira,23
Akola,23
شمال باران,23
Jodhpur,23
Hindupur,23
Ramos,23
Jamshedpur,23
San Amanda los altos,23
上海县,23
غرب مهسا,23
Madison,23
El Paso,23
Courtney Ville,23
Thrissur,23
당진시,23
Lakewood,23
Finsterwalde,23
Eluru,23
平市,23
місто Бахмут,23
Vieja ex República Yugoslava de Macedonia,23
郑州市,23
旭县,23
Corrie Ville,23
Orai,23
Deschamps,23
横浜市中区,23
Badalzungen,23
Wanzleben,23
بندر ماهان,23
夷隅郡大多喜町,23
Caleb Ville,23
合肥县,23
辉县,22
Reutlingen,22
Cloppenburg,22
Sales,22
Kehl,22
璐市,22
Padraig Ville,22
San Francisco,22
Oklahoma City,22
Malchin,22
شهر محمد,22
成市,22
Kulmbach,22
Pasadena,22
Hohenstein-Ernstthal,22
Leon Ville,22
Gwalior,22
Medininagar,22
Nanded,22
아산시,22
Nueva Haití,22
关岭县,22
San Jose,22
Gerard Ville,22
Lloyd Ville,22
江戸川区,22
Tucson,22
Gaya,22
Des Moines,22
Jamie Ville,22
Michael Ville,22
凤兰县,22
桂芳市,22
Suhl,22
Vieja Niger,22
North Las Vegas,21
足立区,21
Phoenix,21
Faridabad,21
Aubert,21
Fort Collins,21
板橋区,21
استان محمد,21
San Antonio,21
Philadelphia,21
Satara,21
娜县,21
Adele Ville,21
Proddatur,21
영동군,21
양구군,21
Saulgau,21
Boise,21
慧县,21
Sunrise Manor,21
수원시 영통구,21
Jabalpur,21
立川市,21
Moura,21
Garland,21
宁市,21
青梅市,21
Moraes,21
Jülich,21
Ambala,21
東大和市,21
福州县,21
Vieira,21
Guntur,21
San Flavio de la Montaña,21
Pondicherry,21
Spokane,21
Durham,21
Freital,21
佳市,21
오산시,21
丽丽县,21
Deoghar,21
Torrance,21
روستای رقيه,21
Vieja República Checa,21
川崎市中原区,21
Steinfurt,21
Moradabad,21
淑英市,20
استان اسما,20
Bhalswa Jahangir Pur,20
Anna Ville,20
к. Домодедово,20
село Кипуче,20
Döbeln,20
荆门市,20
Donna Ville,20
齐齐哈尔市,20
جنوب هستی,20
Vieja Sudán,20
Sri Ganganagar,20
Newport News,20
Meyer,20
红梅市,20
Lexington,20
Norfolk,20
Augusta,20
Bokaro,20
روستای آیناز,20
Nueva Kuwait,20
місто Балта,20
North Melissa,20
Kristian Ville,20
Virginia Beach,20
Großenhain,20
Sonipat,20
明市,20
селище Остер,20
Cameron Ville,20
Nueva Niger,20
San Antonio los altos,20
Visakhapatnam,20
燕市,20
Tempe,19
хутір Чортків,19
Anchorage,19
Cardoso do Oeste,19
Vieja Palau,19
Lübeck,19
San Salvador los altos,19
Erika Ville,19
Vilsbiburg,19
Poirier-les-Bains,19
Sacramento,19
Howrah,19
横浜市都筑区,19
Moreno Valley,19
Mumbai,19
Vieja Nauru,19
山武郡横芝光町,19
六安县,19
贵阳县,19
da Costa Alegre,19
Brooklyn Ville,19
к. Печенга,19
селище Сніжне,19
Miryalaguda,19
华市,19
San Abigail de la Montaña,19
San Evelio de la Montaña,19
Hajipur,19
Reno,19
Dindigul,19
桂香县,19
Long Beach,19
Nueva Países Bajos,19
Melle,19
Nueva Grecia,19
Klötze,19
San Natalia los bajos,19
St. Petersburg,19
Eutin,19
邯郸县,19
Viersen,19
Sainte Thibaut,19
Robbie Ville,19
Jena,19
Minneapolis,19
Loiseau,19
Mobile,19
Sankt Goar,19
西宁市,19
杰县,19
Smithside,19
Berhampur,19
Mathura,19
Khora,19
Geraldine Ville,19
银川县,19
Maheshtala,19
Denver,19
хутір Верхньодніпровськ,19
Corona,18
Rampur,18
Bad Kreuznach,18
ст. Троицко-Печорск,18
п. Кинешма,18
Cardoso da Praia,18
San Olga de la Montaña,18
شهرستان زهرا,18
Ashley Ville,18
استان حنانه,18
Berlin,18
San Pedro los altos,18
東久留米市,18
Schwäbisch Hall,18
Sainte Théophile,18
艳县,18
Roding,18
Hayward,18
我孫子市,18
Alex Ville,18
RichardVille,18
汕尾县,18
Ella Ville,18
杨县,18
Tampa,18
Nueva Saint Kitts y Nevis,18
Vieja Filipinas,18
Port Charles,18
باغات ساميار,18
Chevallier,18
Nicole Ville,18
Janice Ville,18
Paderborn,18
село Березне,18
باغات حلما,18
Rathenow,18
روستای عليرضا,18
روستای النا,18
San Susana los bajos,18
建县,18
Nueva China,18
Vieja Portugal,18
兴城县,18
Koblenz,18
南京市,18
Kulti,18
Bongaigaon,18
Salinas,18
府中市,18
夷隅郡御宿町,18
广州市,18
Chantelle Ville,18
旭市,18
Eryn Ville,18
Fatehpur,18
Bayreuth,18
Nueva Kenya,18
国立市,18
Sultan Pur Majra,18
Tadepalligudem,18
南宁市,17
Bhind,17
Singrauli,17
McKinney,17
Vieja Lesotho,17
San Zoé los bajos,17
台北县,17
红霞市,17
Lesliestad,17
Greifswald,17
Katie Ville,17
Tiernan Ville,17
دهستان اسرا,17
д. Тверь,17
清瀬市,17
飞县,17
Saarbrücken,17
п. Красноуфимск,17
大田区,17
昆明市,17
Kirari Suleman Nagar,17
Cardoso do Amparo,17
David Ville,17
غرب فاطمه,17
Saint Denise,17
Vieja Panamá,17
с. Нижний Тагил,17
娟市,17
da Mata,17
Lübz,17
San Karla los altos,17
روستای اسما,17
楠市,17
г. Сусуман,17
к. Боровск,17
Jehanabad,17
Nueva Arabia Saudita,17
клх Моздок,17
г. Чикола,17
Kirsty Ville,17
Karlsruhe,17
Naoimh Ville,17
畅市,17
جنوب باران,17
بندر سجاد,17
Bhopal,17
місто Львів,17
Peoria,17
Ramgarh,17
Roux,17
хутір Інкерман,17
Greiz,17
Gelnhausen,17
Indore,17
Noël,17
Ludwigslust,17
село Копичинці,17
Miami,17
хутір Долина,17
Kemnath,17
г. Жуковский,17
хутір Сміла,17
Laoise Ville,16
岩县,16
San Rodolfo de la Montaña,16
West Zachary,16
Georgina Ville,16
روستای امیرعباس,16
Anaheim,16
Ajmer,16
Brownshire,16
Nueva Omán,16
Cardoso Paulista,16
Amravati,16
г. Вытегра,16
Lüneburg,16
江東区,16
روستای حنانه,16
Starnberg,16
Jhansi,16
хутір Прип'ять,16
Adrian Ville,16
Machilipatnam,16
Baton Rouge,16
François,16
شمال مهسا,16
شرق نازنين,16
Erica Ville,16
استان مريم,16
Vieja Trinidad y Tabago,16
Wiedenbrück,16
Dara Ville,16
Ratlam,16
Charrier,16
Kieran Ville,16
Alice Ville,16
San Julia los altos,16
селище Залізне,16
Dehradun,16
Rebekah Ville,16
хутір Пологи,16
Agra,16
селище Теплодар,16
Kadapa,16
Porto de Goiás,16
استان آتنا,16
香取郡東庄町,16
Dionne Ville,16
Vieja Seychelles,16
جنوب ريحانه,16
Ashlene Ville,16
ст. Шелагонцы,16
село Чортків,16
Asansol,16
جنوب رضا,16
秀华县,16
Saint Bertrand,16
غرب دانیال,16
місто Новогродівка,16
Schwabmünchen,16
Bellevue,16
San Gustavo los altos,16
Nueva Israel,16
Eisenberg,16
Ongole,16
San Juan Carlos los altos,16
Hildburghausen,16
Latur,16
Hyderabad,16
Augsburg,16
Palmdale,16
Pires de Goiás,16
六安市,16
г. Новая Игирма,16
Piaras Ville,16
San Enrique de la Montaña,16
Husum,16
Luckenwalde,16
Cary,16
Jena Ville,16
Vallée,16
باغات مهدي,16
Marie Ville,16
Vieja Argentina,16
Gadebusch,16
Surendranagar Dudhrej,16
Dermot Ville,16
Caoimhin Ville,15
Justine Ville,15
селище Калуш,15
к. Муром,15
Vieira da Praia,15
شرق محمدپارسا,15
Kötzting,15
Niall Ville,15
Anthony Ville,15
Hünfeld,15
г. Серпухов,15
Nueva España,15
Nueva Mali,15
Siegen,15
місто Хмельницький,15
石家庄县,15
хутір Нова Каховка,15
Gopalpur,15
San Irma de la Montaña,15
Nueva Etiopía,15
Dubois,15
місто Лебедин,15
Nueva Andorra,15
хутір Гірник,15
Uelzen,15
хутір Соснівка,15
太原县,15
Josephhaven,15
باغات احسان,15
Killian Ville,15
جنوب علي,15
جنوب محمدجواد,15
село Червоносів,15
红市,15
柳州市,15
Pittsburgh,15
місто Сміла,15
Vieja Australia,15
Hamburg,15
Padraigin Ville,15
Meabh Ville,15
Tori Ville,15
Newark,15
Bouvier,15
Leipziger Land,15
Vieira das Pedras,15
Chauvin,15
Schlüchtern,15
روستای مبينا,15
Bhiwandi,15
غرب مبينا,15
Shreveport,15
Lacroix,15
Guben,15
Pearce Ville,15
Maillet,15
군포시,15
Beilngries,15
Nueva Libia,15
Viana da Mata,15
Lake Elizabeth,15
宁县,15
桂英市,15
San Alma de la Montaña,15
Charlie Ville,15
萍县,15
San Agustín los altos,15
Fernandes,15
George Ville,15
село Славута,15
клх Звенигород,15
Forchheim,15
Rajpur Sonarpur,15
Antoinette Ville,15
Wolmirstedt,15
明县,15
Warendorf,15
Jacksontown,15
Johnathan Ville,15
جنوب سوگند,15
Wurzen,15
Lee Ville,15
Kane Ville,15
Einbeck,15
غرب یلدا,15
Rebecca Ville,15
Lüdinghausen,15
Fremont,15
San Trinidad los altos,15
Nashik,15
Andrea Ville,15
Baranagar,15
Bad Brückenau,15
غرب نرگس,15
باغات محمد,15
Richmond,15
Myles Ville,15
شرق آیدا,15
селище Монастирище,15
Morbi,15
Joanna Ville,15
Gütersloh,15
Ochsenfurt,14
Castro,14
Kavali,14
Sankt Goarshausen,14
Cortney Ville,14
місто Гребінка,14
Cardoso dos Dourados,14
John Ville,14
Nueva Suriname,14
Nueva Túnez,14
селище Кіцмань,14
Kamarhati,14
Riou,14
جنوب اسما,14
Raurkela Industrial Township,14
Hardy,14
Garrett Ville,14
Tirschenreuth,14
Soltau,14
San Lucas de la Montaña,14
Brandenburg,14
Nueva Mauricio,14
Eloise Ville,14
Vieja Senegal,14
Meppen,14
Etawah,14
д. Ессентуки,14
West Kelly,14
Backnang,14
Zerbst,14
Abby Ville,14
Nueva Nigeria,14
玉华县,14
Wolgast,14
Rudolstadt,14
Malcolm Ville,14
شمال محدثه,14
Kenneth Ville,14
شمال محمد,14
شرق اميرعلي,14
Silveira do Sul,14
Vieja Croacia,14
п. Карабулак,14
Ian Ville,14
Anantapur,14
Francescachester,14
Marchand,14
Simone Ville,14
Raymond Ville,14
شمال ريحانه,14
Mainburg,14
Sarah-Jane Ville,14
Étienne,14
Sunnyvale,14
印旛郡本埜村,14
دهستان محمد,14
San Óscar los bajos,14
Collette Ville,14
Raipur,14
Huntsville,14
潮州县,14
宜都县,14
Clare Ville,14
روستای سجاد,14
Lyndsay Ville,14
East Leah,14
Schwäbisch Gmünd,14
روستای الناز,14
Siliguri,14
Nueva República Unida de Tanzanía,14
Vieja Guinea,14
Knoxville,14
Amanda Ville,14
غرب علی,14
Guwahati,14
استان الناز,14
Pali,14
село Великі Мости,14
غرب اميرمهدي,14
селище Алчевськ,14
Trevor Ville,14
روستای محمدپارسا,14
хутір Олевськ,14
Saarlouis,14
Vieja Chipre,14
شهرستان آريا,14
Kishanganj,14
Vieja Tailandia,14
西東京市,14
Mira-Bhayandar,14
Kathy Ville,14
селище Очаків,13
重庆县,13
Petitjean,13
Chattanooga,13
Groß-Gerau,13
Naperville,13
Gordon Ville,13
Vieja Venezuela,13
استان امیرحسین,13
Louisville,13
клх Малоярославец,13
Shelley Ville,13
豊島区,13
Lefebvre,13
селище Болград,13
استان زينب,13
Lucknow,13
Dibrugarh,13
Montgomery,13
Gonçalves do Campo,13
청주시 청원구,13
хутір Мукачево,13
روستای اسرا,13
西多摩郡檜原村,13
Santa Rosa,13
місто Болград,13
Osterode am Harz,13
Nandyal,13
Lombard,13
Vieja Zimbabwe,13
Sainte Manon,13
健县,13
село Амвросіївка,13
Vieja Mauricio,13
Rourkela,13
Harry Ville,13
Bijapur,13
Laura Ville,13
Barbier,13
Raymond,13
Lubbock,13
San Hermelinda los altos,13
клх Серов,13
روستای پرهام,13
玉华市,13
Charis Ville,13
Leona Ville,13
غرب امیرعباس,13
دهستان ریحانه,13
Carlier,13
Munger,13
Sandra Ville,13
Jasmine Ville,13
استان نیایش,13
琴县,13
Atlanta,13
دهستان سارا,13
شمال محمدپارسا,13
San Dulce María los altos,13
Gandhinagar,13
Surat,13
桂芳县,13
Sasha Ville,13
红霞县,13
клх Кострома,13
Colm Ville,13
Imphal,13
селище Прилуки,13
Esther Ville,13
селище Трускавець,13
Aoife Ville,13
село Кагарлик,13
Travis Ville,13
Gomes,13
Renaud,13
敏县,13
Diarmuid Ville,13
місто Каховка,13
к. Камышлов,13
呼和浩特市,13
Natasha Ville,13
شمال نازنین زهرا,13
Mark Ville,13
玉县,13
Ballia,13
Lichtenfels,13
Demi Ville,13
Mühldorf am Inn,13
Ahaus,13
Rajkot,13
с. Яшкуль,13
Sebnitz,13
хутір Тростянець,13
Nuala Ville,13
Burglengenfeld,13
Nueva Irán,13
Nueva Malawi,13
Vieja Lituania,13
丽华市,13
Griesbach Rottal,13
Nueva Nueva Zelandia,13
Saint Bernadette,13
Eisenhüttenstadt,13
Staffelstein,13
Fernandez,13
Sulzbach-Rosenberg,13
شمال یسنا,12
鹏市,12
Vieja Malawi,12
Khandwa,12
Saharsa,12
秀荣市,12
село Павлоград,12
Shanna Ville,12
شهرستان آيدا,12
Dieburg,12
Bernier,12
San Vanesa los altos,12
哈尔滨县,12
Nueva Mozambique,12
Haldia,12
Sirsa,12
Tiruchirappalli,12
Dias do Galho,12
Saint Joséphine,12
New Lucy,12
北京县,12
Gotha,12
ст. Октябрьское (Хант.),12
Mangalore,12
Craig Ville,12
Becker,12
Hervé,12
Mau,12
хутір Володимир-Волинський,12
Marktheidenfeld,12
Ross Ville,12
хутір Перечин,12
клх Переславль-Залесский,12
Maury,12
Bernburg,12
晶县,12
село Рожище,12
Clifford Ville,12
San Virginia de la Montaña,12
Ebermannstadt,12
روستای سارا,12
Gorakhpur,12
Oran Ville,12
хутір Вараш,12
Étiennenec,12
Novaes do Norte,12
селище Середина-Буда,12
Parsberg,12
琳县,12
Grand Prairie,12
Herford,12
Cunha do Norte,12
关岭市,12
Santa Ana,12
клх Беслан,12
敏市,12
Dupont,12
روستای سينا,12
استان مائده,12
荣县,12
Staßfurt,12
д. Печора,12
хутір Балаклія,12
Eberswalde,12
磊县,12
晨县,12
хутір Лебедин,12
хутір Василівка,12
Chandigarh,12
Vieja Santo Tomé y Príncipe,12
д. Апатиты,12
شهرستان یوسف,12
Coimbatore,12
д. Уварово,12
село Ладижин,12
г. Ставрополь,12
Saint René,12
Techer,12
بندر عسل,12
Durand,12
شهر علي,12
Kakinada,12
New Delhi,12
Thomasshire,12
Jaunpur,12
West Philip,12
селище Копичинці,12
波县,12
北镇市,12
غرب هانيه,12
селище Курахове,12
Morgan Ville,12
目黒区,12
Bremervörde,12
Jaipur,12
乌鲁木齐市,12
Annalise Ville,12
Worcester,11
Magdeburg,11
Raichur,11
东县,11
Faivre,11
长春县,11
Dumas,11
香港县,11
Saul Ville,11
місто Нікополь,11
Loni,11
Daire Ville,11
Coste,11
San Amalia los bajos,11
Sophia Ville,11
п. Инта,11
Solapur,11
玉英市,11
хутір Ворожба,11
Stollberg,11
селище Сімферополь,11
安房郡鋸南町,11
西安县,11
婷县,11
银川市,11
川崎市幸区,11
غرب عباس,11
Navi Mumbai,11
Rancho Cucamonga,11
军县,11
село Баранівка,11
Roth,11
Berhampore,11
西宁县,11
شهرستان اميرمحمد,11
Nadiad,11
Rowan Ville,11
San Esther los altos,11
Bonnin,11
Nagercoil,11
клх Тутаев,11
Payet,11
клх Новый Оскол,11
غرب زهرا,11
East Maryberg,11
Rohan Ville,11
Charlotte Ville,11
Vieja Tayikistán,11
Apolda,11
Eva Ville,11
Vieja Guinea Ecuatorial,11
Kristopher Ville,11
Wittmund,11
Kassel,11
Vieja Cuba,11
München,11
Gautier,11
San Cecilia los bajos,11
Wolfach,11
Forst,11
Seguin,11
клх Красноселькуп,11
شرق محمد,11
Siofra Ville,11
Silchar,11
селище Вишгород,11
Kent,11
село Вуглегірськ,11
شهرستان طاها,11
San Mariano los bajos,11
Ciaran Ville,11
село Єнакієве,11
غرب رها,11
شهر طاها,11
MorvanBourg,11
شهرستان دانیال,11
Jamnagar,11
Demi-Leigh Ville,11
Caomhan Ville,11
印旛郡印旛村,11
Königs Wusterhausen,11
с. Кош-Агач,11
San Estela los bajos,11
De Oliveira,11
Marie,11
غرب اسما,11
Josh Ville,11
Brownsville,11
شمال النا,11
Bharatpur,11
Alwar,11
Hohenmölsen,11
Nueva Kiribati,11
Syracuse,11
San Juan de la Montaña,11
غرب هستي,11
شمال عرفان,11
Saint Christophe,11
клх Бологое,11
Taylormouth,11
Saoirse Ville,11
Vieja Bahrein,11
ст. Усолье Сибирское,11
Junagadh,11
武汉市,11
沈阳市,11
Jimenezhaven,10
Kerri Ville,10
Guyon,10
Nueva Suecia,10
к. Внуково (метеост.),10
д. Новочеркасск,10
구리시,10
Port Lewis,10
Jonesview,10
East Staceyville,10
Cahir Ville,10
兴安盟县,10
West Jonathan,10
Marin,10
David-sur-Leduc,10
Saint Rémynec,10
Nueva Egipto,10
Kiera Ville,10
Jüterbog,10
с. Санкт-Петербург,10
Mooreberg,10
Kealan Ville,10
Lesage,10
місто Первомайський,10
селище Херсон,10
селище Шаргород,10
New James,10
梅市,10
Lopes-sur-Masse,10
Potier,10
Godardnec,10
д. Одинцово,10
North Neilport,10
Clarkburgh,10
Fionntan Ville,10
селище Овруч,10
г. Ангарск,10
West Louisfort,10
Gilles-sur-Hernandez,10
Richardboeuf,10
п. Ивдель,10
استان علی,10
da Conceição Grande,10
хутір Хмельницький,10
دهستان مهدیه,10
红县,10
Warrenside,10
Lake Gerald,10
Freitas do Sul,10
д. Усть-Катав,10
台北市,10
Perleberg,10
New Rosiemouth,10
San Jorge de la Montaña,10
п. Смоленск,10
с. Усть-Ишим,10
Brogan Ville,10
Nueva Micronesia,10
село Перевальськ,10
клх Железногорск(Курск.),10
Diallo,10
к. Холмогоры,10
استان متين,10
Claire Ville,10
San Rocío de la Montaña,10
Agartala,10
місто Могилів-Подільський,10
с. Бирск,10
Port Teresahaven,10
East Sharon,10
Donaueschingen,10
село Борислав,10
д. Пушкино (Моск.),10
永安县,10
Roy,10
شهرستان آرمین,10
Alexandria,10
Chula Vista,10
East Paulton,10
Sean-Paul Ville,10
Gay,10
South Nathan,10
Karen Ville,10
Souza de Minas,10
селище Щолкіне,10
شمال طاها,10
Fullerton,10
Legrand,10
Oliveira de Melo,10
Davanagere,10
West Seanburgh,10
Fergus Ville,10
Keri Ville,10
San Perla de la Montaña,10
Jonathanview,10
місто Старий Самбір,10
Joel Ville,10
Jenni Ville,10
Ruairi Ville,10
Hannah Ville,10
Nabburg,10
к. Карабулак,10
Goodmanshire,10
San Alfredo los bajos,10
Costa das Flores,10
с. Куртамыш,10
Bethanbury,10
Lake Frankton,10
селище Красногорівка,10
استان علي,10
Caroline Ville,10
Nueva Ecuador,10
West Diana,10
Sainte Maurice,10
New Ann,10
San María José los altos,10
Nueva República Federal Democrática de Nepal,10
غرب محمدحسين,10
Rewa,10
Hawkinsville,10
Denismouth,10
Dannyfort,10
San Celia los altos,10
Nueva Sudán,10
شرق آرين,10
Bryanview,10
San Francisco Javier los altos,10
селище Новомосковськ,10
استان آرش,10
丽娟县,10
Una Ville,10
Lebrundan,10
Abbi Ville,10
хутір Шаргород,10
Vieja Djibouti,10
Kennethchester,10
Massonboeuf,10
Rocha das Flores,10
селище Жмеринка,10
Ranchi,10
East Noahbury,10
Port Jason,10
Bishoptown,10
Passau,10
坤市,10
Wendyport,10
Nueva Uruguay,10
شمال یلدا,10
جنوب کيان,10
شهر ياسمين,10
Sainte CélineBourg,10
Martel,10
شهر سارا,10
Beverleymouth,10
Pereira Verde,10
Bardhaman,10
Samantha Ville,10
Jacques-les-Bains,10
باغات فاطمه,10
Aizawl,10
Sloanport,10
柳市,10
شرق محیا,10
Lake Elaineshire,10
ст. Невьянск,10
Nizamabad,10
横浜市港南区,10
Maillard,10
к. Аша,10
к. Гдов,10
استان ثنا,10
روستای حسين,10
استان الينا,10
Vidal-la-Forêt,10
Strasburg,10
Nueva Djibouti,10
місто Миколаїв,10
с. Дудинка,10
غرب سبحان,10
Leonie Ville,10
Nueva Islas Salomón,10
Austin,10
Waltersmouth,10
Prévost,10
ст. Александров Гай,10
North Joelberg,10
Lopes de Cardoso,10
хутір Балта,10
Fernandes do Galho,10
Sallyfort,10
LabbéBourg,10
ст. Мытищи,10
South Susan,10
Garciaville,10
Edward Ville,10
Francis Ville,10
Leblanc-sur-Mer,10
San Renato los bajos,10
к. Красноярск,10
باغات حسین,10
Brendaview,10
San Eric los bajos,10
п. Кандалакша,10
South Sarah,10
д. Обоянь,10
Johnnyfort,10
红梅县,10
Roche,10
Saint Michelle,10
селище Євпаторія,10
استان یسنا,10
伟市,10
Darcy Ville,10
Saint Michel-la-Forêt,10
Rodrigues do Norte,10
місто Ічня,10
Aine Ville,10
г. Елабуга,10
استان هستی,10
Dylan Ville,10
Michaelstad,10
Bailie Ville,10
Frazer Ville,10
Costela da Serra,10
Lake Madisonport,10
San Cynthia los bajos,10
San Marcos los bajos,10
Souza,10
селище Олешки,10
г. Черусти,10
Port Annette,10
North Timothy,10
Grondin,10
بندر مبین,10
شمال نرگس,10
Peixoto das Flores,10
хутір Довжанськ,10
Kota,10
West Paulinetown,10
Shawnmouth,10
Nogueira de Nogueira,10
селище Христинівка,10
Connor Ville,10
селище Чигирин,10
Madhyamgram,10
桂荣县,10
New Mohammad,10
Lake Patriciaville,10
شهر ايليا,10
New Jermaine,10
Heinsberg,10
Nueva Guinea Ecuatorial,10
к. Углегорск,10
روستای آرمین,10
Menard,10
Sainte Suzanne,10
місто Борщів,10
長生郡長柄町,10
Port Daniel,10
селище Теребовля,10
Jacob-sur-Jacquot,10
Allard,10
Sainte VincentBourg,10
Nueva Albania,10
Claremouth,10
Diepholz,10
East Philipshire,10
San Luis Manuel los altos,10
Moura de Rezende,10
Jesus do Norte,10
Brun,10
Lecomte,10
Nueva Tuvalu,10
Nueva Ucrania,10
Sauvagedan,10
شرق محيا,10
غرب ابوالفضل,10
Chelseaville,10
п. Ачхой Мартан,10
с. Новый Уренгой,10
Leah Ville,10
Nordhausen,10
San Gilberto los altos,10
Robinsonfort,10
Tara Ville,10
San Anabel de la Montaña,10
da Luz do Amparo,10
宇县,10
das Neves de Porto,10
Costa da Prata,10
Smithberg,10
Sainte Pauline,10
淑兰县,10
Sabrina Ville,10
Dupré-sur-Samson,10
селище Почаїв,10
к. Медногорск,10
с. Плес,10
New Gillian,10
North Marissa,10
South Catherine,10
Darrenmouth,10
St. Joshuashire,10
Shelby Ville,10
Celine Ville,10
استان نرگس,10
Morin,10
місто Решетилівка,10
місто Привілля,10
Orfhlaith Ville,10
Hoyerswerda,10
شهر زهرا,10
De Sousa,10
Vieja Arabia Saudita,10
с. Тутончаны,10
Maréchal,10
хутір Мостиська,10
місто Хорол,10
روستای مريم,10
Brianland,10
Vaughanville,10
St. Elizabeth,10
Amie Ville,10
селище Армянськ,10
Dianaview,10
East Louise,10
Brittanyport,10
Poulain,10
Vieja Samoa,10
جنوب فاطمه,10
West Emmastad,10
Wittstock,10
San Armando de la Montaña,10
San Gonzalo los bajos,10
село Ровеньки,10
Pasewalk,10
місто Бахчисарай,10
клх Ельня,10
ст. Егорьевск,10
Chapra,10
San Pedro los bajos,10
West Lindsey,10
North Kelly,10
село Малин,10
South Barbara,10
Moraes do Norte,10
Lima do Sul,10
хутір Ковель,10
клх Кингисепп,10
San Cristobal de la Montaña,10
с. Суздаль,10
Lake Joanne,10
South Mark,10
West Tinaville,10
Genthin,10
ст. Забайкальск,10
North Shannon,10
Sonneberg,10
روستای کيانا,10
شرق آرش,10
Costa Verde,10
місто Тетіїв,10
Edwardtown,10
Saint Émile,10
PichonBourg,10
Nueva República de Corea,10
San Jacobo los bajos,10
San Anel de la Montaña,10
San Eugenia de la Montaña,10
Meunier-sur-Martel,10
استان یگانه,10
Mango,10
Port Cole,10
Cassie Ville,10
Alanna Ville,10
Vieja Madagascar,10
місто Славутич,10
п. Шамары,10
Barkerberg,10
Carlyfort,10
Ciara Ville,10
Vieja Alemania,10
San Guillermina los bajos,10
Sharpeview,10
Gauthier,10
Schleiz,10
г. Колпашево,10
г. Карталы,10
روستای ياسين,10
Sainte Isaac,10
Prenzlau,10
Säckingen,10
جنوب ستایش,10
دهستان یاسین,10
Sharonbury,10
Sheree Ville,10
ст. Кудымкар,10
دهستان آرش,10
Barbaramouth,10
с. Выборг,10
جنوب نازنين,10
Calebfurt,10
Yasmin Ville,10
Mendes de da Rocha,10
Bryanville,10
North Anthony,10
Malda,10
Naoise Ville,10
Sales da Serra,10
Port Patrickfurt,10
San Lorenzo de la Montaña,10
село Перещепине,10
г. Анива,10
Renard,10
Sales Verde,10
хутір Скалат,10
Carvalho de Viana,10
Sambhal,10
East Gary,10
п. Таштагол,10
Port Kristieville,10
п. Новая Игирма,10
с. Обнинск,10
Grahamshire,10
Gillstad,10
к. Усть-Кулом,10
селище Борислав,10
ст. Голицыно,10
دهستان مهدیس,10
Aschaffenburg,10
Regen,10
شرق سوگند,10
Mitchellshire,10
Badibling,10
к. Ишим,10
دهستان يوسف,10
英县,10
Allenview,10
Henry-sur-Thomas,10
静市,10
Olivier,10
с. Вилюйск,10
клх Клин,10
شهرستان محمدامين,10
West Lesliebury,10
д. Глазов,10
д. Воронеж,10
Teixeira das Flores,10
г. Старая Русса,10
Bulandshahr,10
Freitas de Jesus,10
к. Луховицы,10
місто Українськ,10
باغات کيانا,10
Zoestad,10
клх Уэлен,10
Khammam,10
West Damien,10
Che Ville,10
г. Калач,10
杨市,10
Amy-Lee Ville,10
Lacombe,10
Fernandes das Pedras,10
شهرستان ابوالفضل,10
Hussainport,10
Owen Ville,10
Saint Isabelle,10
San Lourdes de la Montaña,10
上海市,10
South Richard,10
Jesus,10
Kanpur,10
Jacquelineborough,10
Elliot Ville,10
Porto Alegre,10
с. Качканар,10
Catherineton,10
ст. Октябрьское (Челяб.),10
клх Озеры,10
New Chloeside,10
刚县,10
Eamon Ville,10
Cory Ville,10
Ianton,10
Guillou,10
хутір Синельникове,10
通辽市,10
东市,10
New Thomas,10
Ethan Ville,10
Laneberg,10
West Julieburgh,10
Costela de Viana,10
село Попасна,10
Brilon,10
San Aurelio de la Montaña,10
Rodrigues de Moura,10
St. Kaylaport,10
Vieja República de Moldova,10
Barbosa da Praia,10
Charlottetown,10
Bonneau-sur-Mer,10
New Jessicashire,10
Vanessa Ville,10
San Ernesto los altos,10
хутір Глухів,10
超县,10
Ellenside,10
روستای پریا,10
San Bernardino,10
Marie-Claire Ville,10
хутір Васильків,10
Lake Linda,10
Rottweil,10
ст. Холмогоры,10
شمال آرش,10
Clémentboeuf,10
شمال اسما,10
клх Ачхой Мартан,10
Martin Ville,10
Nascimento do Galho,10
село Часів Яр,10
хутір Трускавець,10
Lake Derek,10
DevauxBourg,10
شهرستان علی رضا,10
Davidfort,10
Saint ColetteBourg,10
丽华县,10
Jeanbury,10
South Kathleen,10
Port Danielmouth,10
St. Jasonburgh,10
San Mercedes los bajos,10
San Victoria los bajos,10
с. Верхний Уфалей,10
п. Уэлен,10
Port Benjaminshire,10
Freudenstadt,10
селище Новоукраїнка,10
Ciarrai Ville,10
д. Урай,10
شمال آيلين,10
晨市,10
Laporte-les-Bains,10
North Hannah,10
San Mariano de la Montaña,10
хутір Білгород-Дністровський,10
Scottchester,10
Deborah Ville,10
San Pamela los bajos,10
село Бровари,10
д. Карабулак,10
شمال محمدجواد,10
Thompsonchester,10
Breannaberg,10
село Звенигородка,10
к. Великий Устюг,10
Gautier-sur-Gaudin,10
ст. Кырен,10
روستای دانیال,10
North Robert,10
Eimer Ville,10
Jade Ville,10
Pires de Gomes,10
к. Ростов-на-Дону,10
Lake Guy,10
Eleanor Ville,10
شرق مهسا,10
استان سينا,10
Helen Ville,10
клх Славгород,10
روستای كیان,10
Karimnagar,10
Boston,10
Lake Sarah,10
клх Шамары,10
Mauriceland,10
Geithain,10
St. Aaronchester,10
Nueva Barbados,10
с. Добрянка,10
Vanessaton,10
Jonesmouth,10
клх Барнаул,10
г. Северодвинск,10
باغات حدیث,9
Bangalore,9
St. Miguel,9
East Jason,9
Araújo de Gonçalves,9
селище Сорокине,9
селище Борзна,9
село Генічеськ,9
село Гнівань,9
к. Двинской,9
к. Колпашево,9
Almeida de Freitas,9
Cardoso de Goiás,9
г. Шенкурск,9
建国市,9
South George,9
East Alanbury,9
хутір Турка,9
г. Рыбинск,9
Crailsheim,9
клх Рыльск,9
Beth Ville,9
Vieira de da Rocha,9
Cardoso de Silva,9
East Markport,9
селище Помічна,9
بندر احسان,9
South Claudia,9
Guyot,9
Descamps-les-Bains,9
Araújo do Oeste,9
клх Кетченеры,9
Saint Honoré,9
Pegnitz,9
клх Тикси,9
Leconte,9
селище Зміїв,9
Sainte Éléonore-la-Forêt,9
Mary,9
Harrisberg,9
Aimee Ville,9
San Úrsula de la Montaña,9
Greensboro,9
Potsdam,9
село Кальміуське,9
شمال زهرا,9
شرق آرتین,9
بندر اسما,9
Sainte Mathilde-la-Forêt,9
San Mateo los altos,9
хутір Кам'янець-Подільський,9
غرب محمدياسين,9
Port Mohammed,9
Butlerberg,9
Guilbert,9
Saint Jeanninenec,9
клх Невельск,9
Rivière-la-Forêt,9
клх Александровск-Сахалинский,9
Walkerfort,9
с. Торжок,9
ст. Миллерово,9
Lydia Ville,9
Roseanna Ville,9
Jalgaon,9
West Max,9
Joanport,9
Christopherchester,9
Troyview,9
Lyndon Ville,9
Nueva Croacia,9
Düren,9
Vieja Belarús,9
хутір Умань,9
Bruneau-les-Bains,9
Nueva Marruecos,9
Port Laura,9
萍市,9
شهرستان مليکا,9
New Brittanystad,9
Castro de Caldeira,9
Ribeiro da Prata,9
г. Новосибирск,9
п. Чулым,9
Nueva Pakistán,9
Cavalcanti de Goiás,9
Cardoso do Campo,9
село Новояворівськ,9
دهستان هانیه,9
Wrightborough,9
Fogaça Paulista,9
хутір Городня,9
к. Брянск,9
بندر النا,9
Alexhaven,9
Brookesfurt,9
Traore,9
Benoit-sur-Roger,9
село Гола Пристань,9
к. Верхний Тагил,9
Kurtis Ville,9
شمال مريم,9
RocherBourg,9
New Roybury,9
New Richard,9
Eisleben,9
Martins do Galho,9
East Nathan,9
Dixonville,9
South Margaret,9
Nueva Mónaco,9
с. Дмитров,9
استان نيايش,9
ст. Кашхатау,9
شمال محمدحسين,9
Amyville,9
Nadine Ville,9
місто Нова Одеса,9
غرب ماهان,9
Flynnmouth,9
Port Mark,9
Faureboeuf,9
阳市,9
Ramos Grande,9
г. Ряжск,9
п. Воркута,9
Port Antony,9
Dias das Flores,9
شهرستان محمدرضا,9
Thierry,9
Mendes de Ferreira,9
Birchborough,9
село Долина,9
Aimeeburgh,9
Spremberg,9
п. Южно-Курильск,9
Grahamborough,9
г. Яр-Сале,9
West Paul,9
Saint Noémi,9
Nueva Bahrein,9
хутір Вільнянськ,9
Nueva Singapur,9
селище Глухів,9
Hazaribagh,9
Damianfort,9
Mary Ville,9
Joubert,9
село Голубівка,9
Stephanietown,9
East Williamshire,9
Breton-les-Bains,9
Melo do Galho,9
Durandnec,9
غرب رقیه,9
Gemma Ville,9
شرق مهدي,9
دهستان فاطمه,9
South Sian,9
da Mata das Flores,9
селище Рахів,9
ст. Грозный,9
Tiruppur,9
秀兰县,9
New Rita,9
De SousaVille,9
д. Кызыл,9
Juneton,9
Lake James,9
Holdenbury,9
South Emilyhaven,9
село Ланівці,9
Aligarh,9
Russell Ville,9
Robin,9
Teixeira da Mata,9
شهر آرتين,9
شهر آيناز,9
Irvine,9
Jodie Ville,9
Mace-la-Forêt,9
місто Болехів,9
Nueva Chipre,9
місто Бершадь,9
г. Красновишерск,9
San Teodoro de la Montaña,9
Memphis,9
Lake Billychester,9
Caron-sur-Mer,9
п. Арсеньев,9
Sanchezshire,9
селище Жидачів,9
п. Фатеж,9
Stephanie Ville,9
Pons,9
Perrier-sur-Bigot,9
جنوب محمدياسين,9
Port Kimberlybury,9
Randolphstad,9
Therese Ville,9
استان باران,9
Kolkata,9
丹县,9
West Allan,9
North Vanessa,9
Cal Ville,9
Cottbus,9
селище Судова Вишня,9
Wheelerland,9
BlancVille,9
клх Верхотурье,9
استان اسرا,9
Pamelafurt,9
Christine Ville,9
Cavalcanti de Martins,9
село Бориспіль,9
Vieja Togo,9
Danapur,9
South Brandon,9
Caldeira de Moraes,9
Millerstad,9
Eleanorville,9
Paris,9
п. Буденновск,9
Griffithsside,9
Nueva Sudáfrica,9
South James,9
Neveu,9
颖县,9
Armstrongbury,9
Perryside,9
South Maryview,9
хутір Прилуки,9
г. Крымск,9
جنوب متین,9
New Lisa,9
Danny Ville,9
Sömmerda,9
East Janiceburgh,9
Hannover,9
دهستان متين,9
хутір Бершадь,9
غرب يوسف,9
селище Алушта,9
باغات محدثه,9
Bhiwani,9
南昌市,9
Alexandrabury,9
Christian Ville,9
Daniel-sur-Coste,9
Bremen,9
San Vanesa los bajos,9
Cobbshire,9
село Покров,9
Dessau,9
North Geoffrey,9
Boyleton,9
شمال سارینا,9
جنوب معصومه,9
بندر هانیه,9
ст. Барнаул,9
Raebareli,9
г. Красноуфимск,9
Lima de da Cunha,9
к. Усть-Кут,9
Christopherside,9
селище Тиврів,9
Katihar,9
Hubert,9
Senftenberg,9
г. Андреаполь,9
Dinkelsbühl,9
San Aldo de la Montaña,9
Nueva Yemen,9
六盘水县,9
Corpus Christi,9
South Dennis,9
St. Jessicahaven,9
село Дунаївці,9
East Duncanmouth,9
Paige Ville,9
Sainte Théodorenec,9
Vieja Kuwait,9
Saint Aiméboeuf,9
Weißwasser,9
باغات ایلیا,9
Ujjain,9
Connorfurt,9
North Miguel,9
Ahmednagar,9
Sainte Tristan,9
Almeida da Praia,9
селище Галич,9
Nicolafort,9
St. Lucasberg,9
Megan Ville,9
San Juan Carlos los bajos,9
ст. Курганинск,9
دهستان علی اصغر,9
شرق مائده,9
Tonyberg,9
Iainside,9
п. Алексин,9
Sam Ville,9
Porto Verde,9
Bazin,9
селище Буськ,9
جنوب بنيامين,9
استان رها,9
Michelleburgh,9
淑英县,9
Da Silva-sur-Guillot,9
селище Богодухів,9
استان دانيال,9
селище Перещепине,9
East Markchester,9
San Clara de la Montaña,9
п. Дербент,9
استان علی رضا,9
East Bruceville,9
North Shane,9
Cliona Ville,9
Saint Anaïs-sur-Mer,9
г. Усть-Калманка,9
Fallingbostel,9
Altötting,9
شهر محمدامین,9
San Abril los bajos,9
хутір Монастирище,9
예산군,9
Leo Ville,9
селище Лохвиця,9
大冶市,9
Nueva Montenegro,9
建平市,9
Main-Höchst,9
جنوب النا,9
Dewas,9
Sainte Christiane,9
MarinVille,9
San Eloisa de la Montaña,9
San Reynaldo de la Montaña,9
Vieja Mali,9
д. Курчатов,9
雷县,9
海燕市,9
Lisa Ville,9
Logan Ville,9
Nueva Guinea Bissau,9
село Гуляйполе,9
دهستان طاها,9
East Louisetown,9
East Haleystad,9
місто Білопілля,9
استان ستايش,9
Jennastad,9
Vieja Uzbekistán,9
شرق محمدياسين,9
Lake Aaronfurt,9
San Carlos de la Montaña,9
клх Чехов,9
Andrealand,9
Kaylafort,9
Emilie Ville,9
San Trinidad de la Montaña,9
Ludwigsburg,9
хутір Сквира,9
г. Златоуст,9
شهر محمدیاسین,9
帅县,9
Weber,9
New Charleneburgh,9
Novaes Alegre,9
Banksfurt,9
San Emiliano los bajos,9
Pune,9
Vieja Singapur,9
місто Белз,9
New Leah,9
North Sabrina,9
Fogaça de da Conceição,9
місто Мирноград,9
г. Владимир,9
Mehsana,9
West Cindy,9
Seelow,9
селище Антрацит,9
San Antonio los bajos,9
Lima da Mata,9
д. Поярково,9
Stephanieshire,9
淑华市,9
East Cheryltown,9
Perezchester,9
West Dennistown,9
Martins da Serra,9
селище Барвінкове,9
秀珍县,9
San Mitzy de la Montaña,9
село Українськ,9
Marilynburgh,9
Nichole Ville,9
Vieira de Carvalho,9
селище Яготин,9
秀华市,9
Correia de Nunes,9
селище Макіївка,9
دهستان مبینا,9
Nagpur,9
天津市,9
Kirk Ville,9
місто Яворів,9
хутір Вилкове,9
建军县,9
Henderson,9
South Rebecca,9
Thomasdan,9
г. Мценск,9
с. Сибай,9
Lake Johnside,9
Marchalnec,9
Chauvet,9
село Переяслав,9
Lake Martinfort,9
Cookchester,9
г. Дагомыс,9
п. Ишим,9
хутір Іллінці,9
село Барвінкове,9
شرق اسما,9
Humbert,9
п. Чикола,9
Karla Ville,9
Blackton,9
New Jason,9
Williamstad,9
Sainte Thierry,9
Port Irene,9
Port Robertfort,9
Gomesboeuf,9
селище Біляївка,9
селище Коростишів,9
Schwerin,9
Johntown,9
Vieira de Castro,9
селище Лисичанськ,9
شهر مهسا,9
Liam Ville,9
Worbis,9
село Міусинськ,9
Pattersonport,9
شرق زهرا,9
شرق النا,9
Atkinsontown,9
Rogersshire,9
Arnauddan,9
بندر زينب,9
شهر حسام,9
丽娟市,9
Bradleymouth,9
Emilymouth,9
باغات آتنا,9
Hussainbury,9
хутір Липовець,9
Glennfurt,9
Lake Michellefurt,9
da Mata da Serra,9
село Золотоноша,9
г. Углегорск,9
Nueva Austria,9
Jacobside,9
Coburg,9
місто Олександрія,9
с. Елатьма,9
South Anna,9
Marsdenbury,9
Lefebvrenec,9
хутір Первомайський,9
Jane Ville,9
Hopeberg,9
Stevenside,9
село Болград,9
艳市,9
Lake Emma,9
Declan Ville,9
Hamish Ville,9
杭州县,9
Lake Tyrone,9
селище Вашківці,9
شهرستان النا,9
п. Арзамас,9
Lake Jackberg,9
Stewarthaven,9
St. Margaret,9
Heatherland,9
Sainte Margotnec,9
селище Долинська,9
East Dawntown,9
San Felix de la Montaña,9
西安市,9
Graystad,9
بندر فاطمه,9
Emer Ville,9
село Корсунь-Шевченківський,9
West Jose,9
Saint Emmanuelleboeuf,9
Duarte de Goiás,9
Peixoto Alegre,9
хутір Гайворон,9
п. Жуковский,9
海口县,9
Maytown,9
Wilsontown,9
Nueva Islas Marshall,9
Sarahside,9
Marcus Ville,9
Nueva Ghana,9
селище Чернівці,9
Snyderhaven,9
хутір Ланівці,9
Saint Laurence,9
г. Усмань,9
Hardyport,9
Alappuzha,9
Port Sean,9
селище Докучаєвськ,9
д. Вязьма,9
بندر بنيامين,9
San Antonia los altos,9
Vieja Dominicana,9
Killeen,9
Tammyhaven,9
Gilles-sur-Blot,9
Vieja Suiza,9
Chavezchester,9
Gwendolynport,9
Wrightmouth,9
San Esmeralda los altos,9
Mooreshire,9
丽丽市,9
Port Leonardland,9
San Arcelia de la Montaña,9
استان سارینا,9
Simmonston,9
Jasonburgh,9
Perret,9
ст. Яр-Сале,9
شهر النا,9
斌市,9
хутір Костопіль,9
д. Нарым,9
جنوب حسنا,9
West Thomasside,9
East Stuartmouth,9
New Sarah,9
Nunezfort,9
Vieja Kiribati,9
Colin-sur-Gimenez,9
Huet,9
استان محمدياسين,9
Ramos da Mata,9
Freitas da Praia,9
хутір П'ятихатки,9
North Georginafort,9
East Barryside,9
Sales Grande,9
Nueva ex República Yugoslava de Macedonia,9
Carly Ville,9
Le Goff,9
хутір Ужгород,9
شمال علي,9
West Belindaside,9
Port Ebony,9
Nueva República Democrática del Congo,9
Guillaume-la-Forêt,9
місто Броди,9
хутір Луцьк,9
с. Моздок,9
Begusarai,9
Johnsonfurt,9
Pattersonberg,8
Weber-sur-Mer,8
شهر ملیكا,8
San Elvira los altos,8
ст. Гремячинск (Бурят.),8
хутір Вугледар,8
柳县,8
Vieja Qatar,8
г. Камень-на-Оби,8
باغات ستايش,8
شرق مهدیس,8
غرب پارسا,8
Port Maurice,8
Annettemouth,8
غرب كیان,8
建军市,8
Port Eileenshire,8
Sainte GuyBourg,8
Pinto das Flores,8
селище Скадовськ,8
хутір Суходільськ,8
Lake Stephen,8
New Dariusfurt,8
Girard,8
селище Путивль,8
East Stephanie,8
Rachelland,8
East Andreabury,8
Alisha Ville,8
Benard-sur-Mer,8
п. Куртамыш,8
Lake Debraburgh,8
Lake Jessica,8
San Ruby los bajos,8
хутір Біляївка,8
Dallas,8
г. Балашов,8
دهستان عرفان,8
شهرستان آيلين,8
Martel-sur-Breton,8
селище Мукачево,8
Cherylside,8
Mitchel Ville,8
Jacksonmouth,8
Clodagh Ville,8
San Eloy los altos,8
شهر هانيه,8
Menard-sur-Grondin,8
Graememouth,8
San Ivonne los bajos,8
с. Ессентуки,8
استان آریا,8
Mcbrideburgh,8
селище Волноваха,8
д. Мураши,8
Darbhanga,8
Georgeberg,8
North Theresa,8
Carter Ville,8
Elizabeth Ville,8
Dubois-la-Forêt,8
Barbedan,8
Vieja Azerbaiyán,8
San Dulce los bajos,8
شهرستان علي,8
荣市,8
New Katy,8
к. Тольятти,8
с. Челюскин,8
Traceyfort,8
Geoffrey Ville,8
East Keith,8
Lake Sandrastad,8
Bad Mergentheim,8
Vieja Argelia,8
селище Чоп,8
к. Тотьма,8
Hernandezview,8
клх Долинск,8
п. Солнечногорск,8
استان ملیكا,8
Mittweida,8
Steeleshire,8
St. Erin,8
PonsVille,8
استان عسل,8
Bhagalpur,8
Marionchester,8
село Сорокине,8
Tammyton,8
Erkelenz,8
к. Таштагол,8
روستای متين,8
к. Воткинск,8
Adoni,8
хутір Армянськ,8
San Arturo los altos,8
Shimla,8
South Theresa,8
Mellrichstadt,8
San Ilse los bajos,8
Cardenasview,8
Grimma,8
San Indira de la Montaña,8
Nueva Granada,8
ст. Кондопога,8
شرق ياسمين,8
Ricebury,8
Michaelmouth,8
Lippstadt,8
ст. Жуковский,8
San Sofía los bajos,8
شمال کيان,8
دهستان امیرمهدی,8
Shawshire,8
Saint Timothée,8
Lake Philip,8
Callum Ville,8
San Pascual los bajos,8
село Миронівка,8
селище Апостолове,8
п. Самара,8
Karlberg,8
місто Святогірськ,8
Port Jamieview,8
Germersheim,8
Beeskow,8
ст. Кяхта,8
New Anna,8
Larryborough,8
Saint MarcelBourg,8
місто Хрестівка,8
село Зоринськ,8
New Margaretburgh,8
Port Bethan,8
North Tracey,8
Kimville,8
Oneillshire,8
شرق سبحان,8
New Irenefurt,8
San Leonardo los bajos,8
хутір Ясинувата,8
شهر محمدحسين,8
Vieja Tonga,8
San Lucas los bajos,8
місто Помічна,8
с. Белый Яр (Томск.),8
Ahmedabad,8
Michealview,8
Castro do Campo,8
شهر اميرعباس,8
بندر سوگند,8
селище Кременець,8
с. Нижний Новгород,8
к. Оренбург,8
San Humberto de la Montaña,8
Hayesville,8
Patelfurt,8
New Lynn,8
Lake Rogerburgh,8
North Phillip,8
Jourdandan,8
Saint Marcelleboeuf,8
San Zeferino de la Montaña,8
Nueva Italia,8
Farias do Amparo,8
хутір Нововолинськ,8
с. Усть-Калманка,8
阳县,8
North Victoriabury,8
Kristin Ville,8
Duarte de da Rosa,8
місто Лиман,8
شرق الینا,8
博市,8
建平县,8
East Todd,8
село Вашківці,8
Jackbury,8
South Jeffrey,8
хутір Шепетівка,8
بندر محمدعلي,8
Emmamouth,8
Regnier,8
г. Нефтеюганск,8
North Ericton,8
д. Братск,8
Saint Denisenec,8
п. Верхнее Пенжино,8
д. Усинск,8
Michaelfurt,8
Luckau,8
Olpe,8
جنوب كوثر,8
Petit-les-Bains,8
Pfaffenhofen an der Ilm,8
хутір Ладижин,8
Panihati,8
Hopkinsport,8
Vieja Benin,8
Vieja España,8
Stewartside,8
East Graceberg,8
San Julia los bajos,8
д. Кандалакша,8
Costa de Pires,8
Bonneau,8
Joanne Ville,8
хутір Здолбунів,8
Benard,8
село Тальне,8
شهر یلدا,8
Badoberan,8
місто Чистякове,8
استان آيناز,8
West Sam,8
Mohamedton,8
Lebon,8
شمال ماهان,8
Saint Bernard,8
Marty,8
Zacharyhaven,8
Morganbury,8
Perrot,8
Munoz,8
شهر ساميار,8
桂珍县,8
Belzig,8
селище Пологи,8
Port Adrianmouth,8
Burg,8
da Costa de da Costa,8
селище Бібрка,8
к. Черкесск,8
瑜县,8
Natashahaven,8
Rodriguezfort,8
Cunha da Serra,8
شهر احسان,8
Alexanderville,8
香港市,8
丹丹县,8
Russellside,8
New Katelynport,8
Miriam Ville,8
г. Химки,8
к. Амдерма,8
к. Биробиджан,8
Bhilai,8
Christopherbury,8
استان عرفان,8
CharpentierVille,8
Aragão Alegre,8
Correia de Carvalho,8
місто Золоте,8
г. Гаврилов-Ям,8
Saint Pénélope,8
South Jacobland,8
West Amanda,8
Pierceton,8
Pasquier-les-Bains,8
Gransee,8
Vaillant,8
Melissaville,8
Halberstadt,8
San María Eugenia de la Montaña,8
г. Ербогачен,8
к. Астрахань,8
West Dominicfort,8
New Rachel,8
Alison Ville,8
Orla Ville,8
Nueva Venezuela,8
село Хрустальний,8
جنوب آريا,8
Yamunanagar,8
凤英县,8
Saint Richard,8
FerreiraBourg,8
Breton-sur-Lesage,8
Lake Antonyborough,8
Mairead Ville,8
San Itzel los bajos,8
东莞市,8
Moraes da Mata,8
д. Краснотурьинск,8
п. Волгоград,8
玉兰县,8
Port Kimberly,8
Claudia Ville,8
Chrétien-sur-Mer,8
Port Abbiechester,8
Toussaintdan,8
Amberg,8
село Остер,8
п. Хабаровск,8
Naomh Ville,8
Saint Laure,8
селище Батурин,8
п. Лодейное Поле,8
LebrunVille,8
селище Вилкове,8
с. Уэлен,8
Justinside,8
Gregory Ville,8
Neunburg vorm Wald,8
San María del Carmen de la Montaña,8
شهر مبين,8
клх Гдов,8
North Dumdum,8
桂花市,8
п. Тихорецк,8
باغات علی اكبر,8
Port Samfort,8
клх Горячинск,8
Teterow,8
село Бахмач,8
Vieja Ecuador,8
روستای یگانه,8
East Martinberg,8
Rousset-sur-Moulin,8
Marion-la-Forêt,8
к. Елец,8
New Donaldmouth,8
Bowmanview,8
Bad Langensalza,8
хутір Тернопіль,8
روستای محیا,8
West Ernest,8
Waldmünchen,8
Lake Catherine,8
芳县,8
Roise Ville,8
Bodin,8
De Sousa-sur-Gillet,8
Kempview,8
Duhamel,8
San Jos de la Montaña,8
клх Кудымкар,8
Sainte Augustedan,8
MaryVille,8
شرق ملیكا,8
Brunel-sur-Pasquier,8
San Jerónimo los bajos,8
селище Кременчук,8
شهر آیدا,8
丹丹市,8
Dorothymouth,8
New Graemeport,8
South Christopher,8
Pires da Prata,8
Jesus da Mata,8
شرق بهار,8
Santa Clarita,8
Lewis Ville,8
Udupi,8
Maryville,8
ст. Урай,8
д. Самара,8
Delhi,8
邯郸市,8
Oxnard,8
Abigailland,8
Damian Ville,8
Saint Margaux-les-Bains,8
Azevedo do Sul,8
Carvalho da Praia,8
Narasaraopet,8
North Chloe,8
Robertfurt,8
Havelberg,8
da Cruz Grande,8
село Рахів,8
Lake Christine,8
San Magdalena de la Montaña,8
云市,8
ст. Таганрог,8
New Amandamouth,8
Roy-les-Bains,8
село Носівка,8
Elizabethside,8
Ashleyshire,8
Roche-la-Forêt,8
Panvel,8
North Aaronville,8
East Jordan,8
San Bernabé los bajos,8
Lake Antonyville,8
Annechester,8
Jason Ville,8
Dupuisnec,8
Delannoy,8
Bernardnec,8
Le Gall-sur-Mer,8
Michaelfort,8
Julien-sur-Mer,8
г. Катав-Ивановск,8
Madelineton,8
Meyerdan,8
بندر حسین,8
San Fidel los bajos,8
Moura de Cunha,8
Moreira das Flores,8
хутір Кролевець,8
село Хорол,8
شهرستان زینب,8
باغات آرش,8
新島村,8
East Janicemouth,8
North Leonard,8
Pughstad,8
Julie Ville,8
Rousseau-les-Bains,8
ст. Оленек,8
Paterson,8
Merseburg,8
بندر ياسين,8
Colorado Springs,8
St. Sarah,8
Theresaside,8
г. Адыгейск,8
New Tobymouth,8
Hayesside,8
Alix Ville,8
ст. Ачхой Мартан,8
North Alecbury,8
da Conceição de da Paz,8
Loriland,8
San Blanca los altos,8
клх Бавлы,8
دهستان آریا,8
بندر ثنا,8
село Миколаїв,8
д. Беслан,8
East Clifford,8
ст. Лагань,8
Vieja San Marino,8
San Catalina de la Montaña,8
клх Ребриха,8
Nueva Kazajstán,8
Sainte Jérôme,8
Waltersberg,8
North Rickychester,8
BenoitBourg,8
Olivier-la-Forêt,8
ст. Ярославль,8
شمال آرتين,8
Enterprise,8
Eimear Ville,8
Tübingen,8
San Nelly de la Montaña,8
п. Выборг,8
New Graham,8
Marcchester,8
Masonfort,8
Domhnall Ville,8
Saint AlphonseVille,8
к. Щельяюр,8
г. Далматово,8
North John,8
Nina Ville,8
Bourdon,8
New Ashley,8
North Jose,8
Freitas da Mata,8
Pineau,8
село Бердичів,8
桂荣市,8
Jana Ville,8
село Івано-Франківськ,8
село Білозерське,8
جنوب آراد,8
Garmisch-Partenkirchen,8
Carvalho do Norte,8
місто Селидове,8
ст. Белгород,8
Sarahshire,8
Lake Steven,8
Emily Ville,8
da Cruz,8
селище Сокиряни,8
Sainte Adrien-les-Bains,8
місто Біла Церква,8
хутір Хрестівка,8
South Lorraine,8
Nueva Rumania,8
Andrew Ville,8
Nunes de Peixoto,8
місто Лутугине,8
شهرستان نازنين,8
West Chelseastad,8
غرب متين,8
South Maxshire,8
West Katyburgh,8
Sainte Dianeboeuf,8
David-sur-Mer,8
хутір Ірпінь,8
شرق آیناز,8
Winston-Salem,8
Marques-sur-Mer,8
Oschatz,8
Nueva Côte d'Ivoire,8
Vieja Papua Nueva Guinea,8
استان معصومه,8
West Brian,8
Kharagpur,8
New Benjaminbury,8
Trevorland,8
Owensside,8
غرب محمدامين,8
جنوب نیایش,8
Gary Ville,8
Sainte Simone,8
da Rosa Grande,8
East Catherine,8
Abigail Ville,8
San Daniela los bajos,8
North Justin,8
Fogaça das Pedras,8
хутір Молочанськ,8
شهرستان اميرحسين,8
Grevenbroich,8
Juliaton,8
New Donald,8
г. Радужный,8
Zach Ville,8
San María Eugenia los bajos,8
شهر زينب,8
Kalyan-Dombivli,8
Tirunelveli,8
Amroha,8
Lake Jake,8
San Luis los bajos,8
Vallet,8
Sainte Patricia,8
Sainte Édithboeuf,8
селище Лебедин,8
село Пологи,8
جنوب سارینا,8
Elliottstad,8
West Rachaelmouth,8
Garcia-la-Forêt,8
Rothenburg ob der Tauber,8
San Nadia los altos,8
شمال دانیال,8
Rileyview,8
Vieja Brasil,8
селище Кадіївка,8
شرق مريم,8
Chittoor,8
Lake Raymondside,8
Toddfurt,8
Port Joanna,8
Cooperbury,8
North Codyville,8
місто Тиврів,8
Schmitt,8
Pichon-sur-Delaunay,8
شمال ستایش,8
Port Deborahbury,8
شمال علی اكبر,8
Port Kayla,8
West Paige,8
місто Берегове,8
Pageport,8
Torgau,8
جنوب فاطمه زهرا,8
Modesto,8
San Paulina los bajos,8
港区,8
South Callumtown,8
клх Ачинск,8
Naomi Ville,7
к. Усолье Сибирское,7
San Abril de la Montaña,7
селище Камінь-Каширський,7
婷婷市,7
Lake Stewartfort,7
شهرستان ساميار,7
місто Боярка,7
клх Мытищи,7
п. Сладково,7
Whiteberg,7
г. Великий Устюг,7
Howellstad,7
Gillet,7
Becker-sur-Picard,7
St. Leah,7
селище Бердичів,7
Port Abdul,7
Sainte Laure-la-Forêt,7
San Samuel los bajos,7
Leeshire,7
Cunha das Flores,7
شهر امیرمهدی,7
село Мелітополь,7
San Magdalena los bajos,7
Williamston,7
Alan Ville,7
Bidhannagar,7
Stevenfort,7
Russellburgh,7
South Dawn,7
д. Оймякон,7
ст. Липецк,7
استان آیلین,7
Williamsshire,7
д. Новомосковск,7
淑兰市,7
Nueva Zimbabwe,7
Hollie Ville,7
روستای فاطمياسارينا,7
Lopes da Prata,7
місто Ромни,7
East Racheltown,7
Coxberg,7
Lintown,7
Port Jessicafurt,7
Seanna Ville,7
д. Троицк (Моск.),7
Nueva Georgia,7
клх Миллерово,7
Michaelberg,7
хутір Білопілля,7
Neubrandenburg,7
село Кролевець,7
місто Коростень,7
клх Сочи,7
Fieldland,7
Cavalcanti de Alves,7
بندر آریا,7
Korba,7
д. Челюскин,7
клх Мурманск,7
San Elvia los altos,7
д. Комсомольск-на-Амуре,7
д. Касимов,7
Fayetteville,7
New Judithfurt,7
Christopherberg,7
клх Луга,7
к. Плесецк,7
Kelly Ville,7
دهستان ثنا,7
Shawland,7
Vieja Angola,7
село Дебальцеве,7
п. Ирбит,7
п. Королев,7
دهستان هستي,7
شمال پرنيا,7
Port Teresa,7
хутір Полонне,7
جنوب يوسف,7
п. Калевала,7
Purnia,7
Josephborough,7
Hagenow,7
West Thomas,7
Sainte Susan,7
Chemnitz,7
阜新市,7
روستای مهسا,7
East Sianton,7
West Kelseyborough,7
San Joaquín de la Montaña,7
хутір Семенівка,7
хутір Біла Церква,7
استان ایلیا,7
Bonnetnec,7
Wolfratshausen,7
хутір Щолкіне,7
Richardsfort,7
Hutchinsonstad,7
п. Юрюзань,7
Thompsonbury,7
місто Вишневе,7
شمال ثنا,7
East Bradley,7
San Jonás los altos,7
село Козятин,7
ст. Нерчинск,7
شرق رضا,7
Azevedo Verde,7
Jalandhar,7
亮市,7
Emma Ville,7
селище Петрово-Красносілля,7
к. Владивосток,7
Farrukhabad,7
Christopherburgh,7
Ryantown,7
Saint Lucy,7
село Пустомити,7
Cailin Ville,7
Kolhapur,7
клх Кижи,7
شمال محمد طاها,7
八丈島八丈町,7
Lopes das Flores,7
Sainte Madeleine,7
село Бахмут,7
п. Жиганск,7
клх Кинешма,7
St. Janet,7
San Mayte de la Montaña,7
桂兰县,7
桂兰市,7
Shannan Ville,7
San Reynaldo los bajos,7
شهر ماهان,7
Eckernförde,7
ст. Рославль,7
Johnsonhaven,7
село Рубіжне,7
Debraview,7
石家庄市,7
Noel Ville,7
Delattre-sur-Ferreira,7
Valléeboeuf,7
Almeida Paulista,7
хутір Красноперекопськ,7
клх Камышин,7
Neil Ville,7
Saint Léon-la-Forêt,7
استان بهار,7
شهر محیا,7
文市,7
North Shawn,7
Sigmaringen,7
شهرستان امیررضا,7
с. Балашов,7
ст. Малая Вишера,7
شهرستان رضا,7
Ribeiro Verde,7
North Amyfort,7
Fournierdan,7
село Брянка,7
Saint Christophenec,7
New Kelsey,7
New Omarstad,7
Saint Capucinenec,7
شمال سجاد,7
Lake Dana,7
Sauvage,7
Mercier,7
da Costa de da Mata,7
West Samantha,7
ст. Хасан,7
St. Kennethmouth,7
Tessa Ville,7
хутір Іловайськ,7
Port Michaelfurt,7
Begummouth,7
Abigailfort,7
Davidside,7
місто Угнів,7
Jaynefurt,7
San Gerardo los altos,7
Martins do Campo,7
д. Калязин,7
غرب محمد,7
Tomlinsonberg,7
New Hayley,7
New Katherinemouth,7
Callan Ville,7
Campos de Nogueira,7
Donaldfurt,7
San Guadalupe los altos,7
ст. Тверь,7
клх Валдай,7
روستای مليکا,7
ст. Владикавказ,7
باغات اميرمهدي,7
Ramagundam,7
Edel Ville,7
Monnier,7
Chicago,7
Vieja Bhután,7
Rohtak,7
Gregoryton,7
Saint Noémi-les-Bains,7
д. Чермоз,7
г. Петропавловск-Камчатский,7
梅县,7
Littleview,7
Costa da Mata,7
село Залізне,7
клх Буйнакск,7
Bettiah,7
Heather Ville,7
Samland,7
ImbertBourg,7
Saint Amélie-la-Forêt,7
بندر سينا,7
Sales de Melo,7
хутір Тальне,7
شرق نازنین زهرا,7
شهر ابوالفضل,7
استان آرمین,7
North Lorraine,7
San Armando los bajos,7
San Adela de la Montaña,7
с. Оха,7
селище Федорівка,7
Vieja Colombia,7
شمال امیر علی,7
місто Армянськ,7
місто Брянка,7
兰英市,7
Port Jennifermouth,7
селище Ковель,7
بندر امیرعباس,7
Wardchester,7
Maurice-les-Bains,7
Rolland-la-Forêt,7
San Federico los altos,7
селище Енергодар,7
д. Игнашино,7
شهرستان سبحان,7
South Melaniebury,7
Timothyshire,7
San Eva de la Montaña,7
Bally,7
Shannonton,7
д. Урюпинск,7
باغات هانيه,7
Lois Ville,7
Lörrach,7
місто Городня,7
місто Золочів,7
Port Laurenville,7
Masseyville,7
Tracyberg,7
Nueva Zambia,7
Costela de Lima,7
Salinastown,7
місто Стебник,7
روستای علی,7
Whitefurt,7
New Shaneton,7
Wilsonburgh,7
Almeida dos Dourados,7
селище Хмільник,7
селище Тернопіль,7
хутір Новгород-Сіверський,7
North Kara,7
Reynaud,7
Sainte Michèle,7
к. Дагомыс,7
Delacruzton,7
San Felipe los altos,7
п. Новый Оскол,7
شمال محمدیاسین,7
Orlaigh Ville,7
Julia Ville,7
місто Зеленодольськ,7
Rachaelborough,7
Port David,7
місто Зіньків,7
ст. Щелково,7
Kaurmouth,7
Heidi Ville,7
Dale Ville,7
Costa Paulista,7
село Лохвиця,7
San Abel los bajos,7
Nascimento da Serra,7
Murfreesboro,7
клх Каневская,7
Katherine Ville,7
Normandboeuf,7
Melo do Amparo,7
South Leonardberg,7
Kellyview,7
с. Ясный (Оренб.),7
شمال آريا,7
Lake Sally,7
Caolan Ville,7
село Курахове,7
Elizabethland,7
п. Рубцовск,7
San Ignacio los bajos,7
Colin Ville,7
Le Goff-sur-Valentin,7
San Mitzy los bajos,7
Samuel Ville,7
Saint Corinne,7
Costela da Prata,7
استان الینا,7
Barasat,7
Warangal,7
Peterstad,7
San Elvira de la Montaña,7
селище Новоград-Волинський,7
Port Josephfurt,7
місто Рогатин,7
хутір Коростишів,7
شهر عرشیا,7
Fearghal Ville,7
Carpentier,7
Nördlingen,7
Viana do Galho,7
شهر رها,7
North Naomi,7
West Heather,7
Vieja República Democrática del Congo,7
Janebury,7
Nueva Armenia,7
South Melissaberg,7
Petersonshire,7
Vieja Nigeria,7
New Sean,7
Savannah Ville,7
ст. Кош-Агач,7
Goodwinshire,7
South Manuel,7
Vieja Israel,7
Nueva Senegal,7
Careychester,7
San María Teresa de la Montaña,7
Smallstad,7
Enda Ville,7
Zara Ville,7
San Soledad los bajos,7
San Sandra los bajos,7
п. Обнинск,7
д. Шелехов,7
San David los bajos,7
село Олешки,7
成都县,7
Saint Véronique,7
к. Ржев,7
с. Анива,7
باغات حسام,7
Danielchester,7
AlbertBourg,7
к. Юрюзань,7
Port Shannon,7
Weiss-sur-Mer,7
селище Болехів,7
South Madisonmouth,7
Louis,7
село Кодима,7
Ursula Ville,7
Wernigerode,7
Lambertport,7
селище Бережани,7
с. Тотьма,7
клх Тулун,7
Port Gordon,7
Greenberg,7
Kerry Ville,7
Schmölln,7
село Чигирин,7
باغات محمدپارسا,7
Saharanpur,7
Lake Benjamin,7
Wesel,7
село Берислав,7
ст. Внуково (метеост.),7
باغات ريحانه,7
San Cecilia los altos,7
San Ricardo los altos,7
Nueva Brunei Darussalam,7
San Porfirio los altos,7
селище Надвірна,7
с. Бийск,7
飞市,7
Wagnerdan,7
селище Южноукраїнськ,7
Oonagh Ville,7
Panipat,7
Scottberg,7
Dannymouth,7
Vieja Reino Unido de Gran Bretaña e Irlanda del Norte,7
San Jorge los bajos,7
г. Тотьма,7
Monnier-sur-Munoz,7
San Esperanza los altos,7
селище Бучач,7
хутір Тячів,7
клх Тында,7
West Toddmouth,7
Martins dos Dourados,7
село Снігурівка,7
п. Октябрьское (Хант.),7
клх Дивногорск,7
ст. Кимры,7
Francisville,7
Nueva Eritrea,7
Saint LuceVille,7
хутір Південне,7
г. Усть-Камчатск,7
San Manuel los altos,7
San Abraham los bajos,7
ст. Токсово,7
شمال حسام,7
Grainne Ville,7
Wismar,7
San Óscar de la Montaña,7
San Eugenio de la Montaña,7
село Решетилівка,7
селище Винники,7
San Irene los altos,7
Monteiro de Souza,7
Richardsonshire,7
к. Владикавказ,7
Melo de Goiás,7
ст. Ростов,7
с. Геленджик,7
к. Оха,7
Bonnet,7
Zak Ville,7
San Alejandra los bajos,7
شرق هستي,7
South Vanessaborough,7
Deggendorf,7
Vieja Guyana,7
селище Мостиська,7
п. Северо-Курильск,7
استان آوا,7
Evanston,7
شمال اميرمهدي,7
Moorefort,7
Port Kathrynberg,7
New Brian,7
Dufour,7
Ebersberg,7
Bhusawal,7
South Kirstyhaven,7
East Tracey,7
місто Сокаль,7
Lake Catherinefurt,7
芳市,7
East Renee,7
Port Amber,7
بندر سارینا,7
Dias-sur-Mer,7
село Нетішин,7
п. Углич,7
г. Певек,7
دهستان نازنين,7
Providence,7
Vieja Andorra,7
Clarkeside,7
Leduc,7
Cavalcanti Verde,7
п. Можайск,7
Wilkinsonborough,7
East Jennabury,7
Briannaview,7
Pacetown,7
Vieja Santa Lucía,7
North Jayneside,7
Robertshire,7
Cillian Ville,7
к. Якутск,7
坤县,7
Hamiltonview,7
Rhianna Ville,7
Conn Ville,7
Vieira de Goiás,7
龙县,7
North Cliveside,7
New Morganmouth,7
Rajahmundry,7
Lake Rebecca,7
Geoffreymouth,7
Vieja Saint Kitts y Nevis,7
д. Минусинск,7
شهرستان مهدیس,7
باغات نیایش,7
Melanie Ville,7
شرق آوا,7
Kristina Ville,7
г. Морозовск,7
село Марганець,7
South Gregoryview,7
Bahraich,7
San Isabel de la Montaña,7
DupontBourg,7
兰州市,7
Angela Ville,7
клх Ржев,7
п. Суздаль,7
Roseville,7
селище Івано-Франківськ,7
місто Скадовськ,7
Kennedyborough,7
Lemaître,7
село Львів,7
شرق طاها,7
Barneschester,7
Carrieton,7
San Jorge Luis los altos,7
Fernandes da Prata,7
хутір Ровеньки,7
想市,7
Larryport,7
Chadview,7
Hayleigh Ville,7
San Emilia de la Montaña,7
استان حسام,7
San Gabino de la Montaña,7
д. Тимашевск,7
клх Югорск,7
г. Находка,7
г. Озеры,7
Coxmouth,7
Enya Ville,7
Lucas Ville,7
Sainte PénélopeBourg,7
Frederickside,7
Sainte Sophie,6
к. Красногорск (Моск.),6
Monteiro Alegre,6
г. Оса,6
West Iainside,6
Lake Lindaville,6
хутір Вижниця,6
хутір Родинське,6
بندر مهديس,6
Leleuboeuf,6
Moreira do Sul,6
Meiningen,6
San Ana los altos,6
Sainte Christineboeuf,6
San Delia los bajos,6
da Costa da Serra,6
Lake Francesca,6
село Прилуки,6
North Emily,6
New Kelly,6
селище Бунге,6
Mysore,6
Lefort-sur-Morel,6
Cuxhaven,6
East Kateshire,6
Jacquelineshire,6
New Jeffrey,6
Martins do Sul,6
селище Бориспіль,6
місто Середина-Буда,6
West Kieran,6
Lewisfurt,6
Lenoir,6
استان آرتین,6
Jay Ville,6
Nueva Lesotho,6
San Marco Antonio los altos,6
South Damian,6
Yvetteburgh,6
Nueva Santa Lucía,6
San Florencia los altos,6
селище Кагарлик,6
селище Калинівка,6
місто Кам'янка (Черкаська область),6
شمال متين,6
Oakland,6
Cynthiaville,6
San Hugo de la Montaña,6
клх Чегем,6
Ramosboeuf,6
Blondel,6
Vieja Kazajstán,6
д. Химки,6
Pinto-sur-Roche,6
Charlesberg,6
West Karlburgh,6
Jemmashire,6
Jennyburgh,6
Chevalierboeuf,6
St. Alecton,6
Sainte BernardVille,6
Carvalho de Lopes,6
г. Апатиты,6
Parchim,6
桂香市,6
Paynechester,6
South Joshua,6
Port Victoriaberg,6
April Ville,6
Borken,6
غرب سينا,6
North Jeanport,6
місто Луцьк,6
East Allanside,6
Brianchester,6
Roger,6
Duhamelnec,6
д. Шенкурск,6
San Rolando los bajos,6
ст. Радужный,6
г. Валдай,6
باغات ثنا,6
Port Janice,6
Williamsside,6
ст. Соболево,6
ст. Красноярск,6
بندر الناز,6
Jonesshire,6
West Jack,6
غرب فاطمه زهرا,6
شهر عليرضا,6
Allenside,6
Sainte Isabelleboeuf,6
San Marisol de la Montaña,6
Carolynberg,6
ст. Бреды,6
شهر محدثه,6
Lake Marionland,6
Tory Ville,6
Melissaburgh,6
Vieja Noruega,6
روستای محمد,6
East Sean,6
North Melissaberg,6
North Dannyland,6
Peckfort,6
شهرستان امیرمحمد,6
North Juliefort,6
Shauneen Ville,6
Saint Mathilde,6
New Paul,6
辉市,6
Lopes de Ramos,6
селище Золотоноша,6
Lake Nathanville,6
da Mata do Oeste,6
Sainte Constance,6
Lopeznec,6
п. Певек,6
село Дубно,6
село Бар,6
ст. Киржач,6
Laurafort,6
South Josephineshire,6
Verdier-sur-Mer,6
Viana,6
село Васильків,6
باغات یسنا,6
West Benjaminburgh,6
Jasonport,6
Alves de Minas,6
селище Рожище,6
باغات آرین,6
Lake Shirley,6
East Jonathan,6
с. Оса,6
п. Сортавала,6
Port Lucy,6
Diaz,6
Schrobenhausen,6
روستای حسام,6
استان هليا,6
Phagwara,6
Port Gavinland,6
Gomez-la-Forêt,6
San Ariadna los altos,6
Jadestad,6
Cervantesmouth,6
San Angélica los altos,6
Nueva Turkmenistán,6
Freitas do Campo,6
Jasonbury,6
Terri Ville,6
جنوب آوا,6
South Todd,6
Thibaultnec,6
شهرستان يوسف,6
Karaburgh,6
San Anel los altos,6
San Marisela los bajos,6
ст. Армавир,6
New Paulineville,6
Sacha Ville,6
Lefort-la-Forêt,6
Artern,6
Birmingham,6
Stanleybury,6
Lévy-sur-Maillot,6
Costa dos Dourados,6
Imbert,6
Melo do Campo,6
Saint Deniseboeuf,6
Castro da Mata,6
باغات عباس,6
昆明县,6
Quinnfort,6
Mariafort,6
New Shirleyshire,6
St. Ellen,6
Auerbach,6
روستای طاها,6
село Золоте,6
місто Вугледар,6
Emmatown,6
Deschamps-sur-Simon,6
雪市,6
East Manuel,6
Pascal-sur-Mer,6
Bidar,6
New Simonport,6
селище Вознесенівка,6
Daniel-sur-Guillou,6
De Oliveiradan,6
хутір Торецьк,6
استان پارسا,6
Liamville,6
New Eric,6
استان حدیث,6
New Gregorymouth,6
Sondershausen,6
д. Хасан,6
East Jasontown,6
д. Агинское (Забайк.),6
Deirbhile Ville,6
Ansbach,6
Vieja Chad,6
ст. Красновишерск,6
باغات يوسف,6
Port Victoriahaven,6
Sainte Claudinenec,6
с. Воркута,6
West Raymond,6
Feuchtwangen,6
da Costa de Fernandes,6
п. Лесной (Сверд.),6
Vijayanagaram,6
Bertin,6
St. Joel,6
Harryshire,6
South Nicolaton,6
Lindseyside,6
Fleury-sur-Joly,6
غرب محمدیاسین,6
North Teresafurt,6
Campos do Norte,6
da Rosa de Ribeiro,6
Allahabad,6
Webbbury,6
Sheilaland,6
غرب اسرا,6
South Stephen,6
West Herbertfort,6
Amandatown,6
New Paulview,6
місто Хирів,6
місто Ізяслав,6
Aaronville,6
Araújo da Praia,6
Saint Élisedan,6
San Marisela los altos,6
باغات کوثر,6
دهستان محمدجواد,6
da Mata de Rezende,6
п. Владимир,6
Weber-les-Bains,6
Vieja Letonia,6
село Мала Виска,6
بندر نرگس,6
Lambertboeuf,6
Azevedo de Goiás,6
ст. Владивосток,6
East Denise,6
East Julie,6
Evie Ville,6
село Лубни,6
Maria Ville,6
село Коростишів,6
ст. Карабудахкент,6
روستای نازنين,6
Sarachester,6
г. Истра,6
Lake Rickyborough,6
Sainte Charlesboeuf,6
Garnier,6
Fabre-la-Forêt,6
к. Тайшет,6
Port George,6
جنوب آرش,6
Susan Ville,6
д. Джейрах,6
Lake Samuel,6
к. Октябрьское (Челяб.),6
da Paz de Teixeira,6
Robyn Ville,6
Dias Paulista,6
селище Родинське,6
клх Белгород,6
San Luisa los bajos,6
Brittanyland,6
Masonmouth,6
غرب النا,6
Ribeiro de Vieira,6
місто Глухів,6
с. Железногорск(Курск.),6
ст. Мостовской,6
شهر كوثر,6
Port Kimberleyville,6
Port Jeremy,6
Marchal,6
San Zacarías los bajos,6
East Scott,6
Abbie Ville,6
Rebeccatown,6
Nueva Burundi,6
Thanjavur,6
Port Theodore,6
село Чорноморськ,6
село Городня,6
San María Luisa de la Montaña,6
勇市,6
ст. Соль-Илецк,6
St. Erika,6
Perez-la-Forêt,6
ст. Видное,6
Jackson,6
North Elaineburgh,6
da Paz dos Dourados,6
місто Татарбунари,6
хутір Новоукраїнка,6
Bogen,6
Nigelmouth,6
South Valerieland,6
Pittmanburgh,6
Tracyborough,6
Werdau,6
Vieja Nueva Zelandia,6
Leanne Ville,6
село Білогірськ,6
г. Шаховская,6
洁县,6
Flöha,6
FleuryVille,6
Castro de Barros,6
місто Коростишів,6
雷市,6
Nueva Honduras,6
Hussainland,6
Smithville,6
місто Червоносів,6
East Patriciamouth,6
New Jacobville,6
South Carolhaven,6
Massenec,6
селище Городня,6
North Josebury,6
da Rosa das Flores,6
Robinsonmouth,6
Jacksonbury,6
جنوب ابوالفضل,6
Frankborough,6
New Dianeport,6
Tammy Ville,6
Pößneck,6
شهرستان متين,6
Serena Ville,6
хутір Хорол,6
غرب نازنين,6
春梅市,6
Le Roux,6
Barbosa do Galho,6
селище Алмазна,6
Kaitlyn Ville,6
Lake Stevenshire,6
Elaine Ville,6
Rousset,6
селище Прип'ять,6
West Kevin,6
Lefèvre-sur-Delorme,6
San Miriam los altos,6
San Eduardo los altos,6
с. Краснотурьинск,6
Bartonstad,6
Begumborough,6
East Albert,6
Teixeira Verde,6
Gallet-sur-Mer,6
شمال آيدا,6
دهستان سارینا,6
New Toni,6
马鞍山县,6
San Teodoro los bajos,6
місто Погребище,6
г. Дубна,6
с. Мичуринск,6
St. Susanchester,6
San Beatriz los bajos,6
клх Губаха,6
New Marychester,6
Faye Ville,6
клх Усть-Камчатск,6
New Dannyberg,6
شهر سوگند,6
丹市,6
Alves Alegre,6
East Maureen,6
Malloryburgh,6
Porto das Pedras,6
Alisonborough,6
Saint Josettedan,6
روستای فاطمه زهرا,6
Bareilly,6
Angermünde,6
Davisfurt,6
Michellechester,6
Eilish Ville,6
село Підгайці,6
г. Аршан (Бурят.),6
с. Химки,6
West Mohammad,6
South Darrenview,6
Feargal Ville,6
Sainte Stéphane,6
روستای امیرمحمد,6
باغات محمدرضا,6
Melsungen,6
Holzminden,6
Nueva Argentina,6
г. Бавлы,6
д. Краснокамск,6
селище Вугледар,6
建华县,6
Vieja Barbados,6
Mohammadshire,6
Katherineside,6
Gérardboeuf,6
хутір Калинівка,6
Toddhaven,6
Amberville,6
Sainte Christelle,6
Freitas de Rezende,6
Edwardsfurt,6
Castro da Serra,6
Charlesmouth,6
Rivière-les-Bains,6
с. Верещагино (Перм.),6
к. Новомичуринск,6
East Fiona,6
Monroechester,6
BuissonVille,6
روستای آیلین,6
Lawrencemouth,6
г. Одинцово,6
клх Чулым,6
Henryville,6
East Patriciahaven,6
West Sian,6
East Marcchester,6
Souza de Alves,6
Bikaner,6
ст. Усть-Баргузин,6
д. Екатеринбург,6
شرق سینا,6
Jesse Ville,6
село Коломия,6
к. Тамбов,6
Jenniferland,6
Gallet,6
بندر بنیامین,6
Jennifermouth,6
Alicia Ville,6
Calau,6
秀珍市,6
Port Brianberg,6
Latoyaport,6
Kimberlybury,6
Fleury-la-Forêt,6
Alexanderhaven,6
St. James,6
Kristahaven,6
Colum Ville,6
хутір Бровари,6
к. Хоста,6
Fisherton,6
Cassandra Ville,6
San Noemí de la Montaña,6
New Joehaven,6
Hollyview,6
Monteiro Verde,6
鑫市,6
San Serafín los altos,6
місто Носівка,6
شمال آیناز,6
Srinagar,6
Albuquerque,6
West Benchester,6
Robertsview,6
West Benjaminborough,6
ст. Краснотурьинск,6
Nueva Liechtenstein,6
к. Шахты,6
ст. Нижний Новгород,6
Chelseaberg,6
شرق حسنا,6
شرق محدثه,6
博县,6
Ashleyberg,6
Lefort,6
Vieja Islandia,6
Cardoso do Galho,6
Delaunay,6
селище Верхньодніпровськ,6
селище Люботин,6
ст. Котельнич,6
Port Dianaberg,6
North Ebony,6
Gardelegen,6
село Шостка,6
ст. Апатиты,6
South Roystad,6
Saint Alicenec,6
Harrisburgh,6
Robinstad,6
Nueva Filipinas,6
成县,6
New Catherineton,6
شرق عباس,6
Jonesport,6
Abigailport,6
село Камінь-Каширський,6
клх Морозовск,6
Terryshire,6
بندر فاطمه زهرا,6
Greenport,6
селище Переяслав,6
شمال اميرحسين,6
Vieja El Salvador,6
Rosebury,6
Gonzalezmouth,6
селище Синельникове,6
Eugene,6
Jemma Ville,6
Costa de Goiás,6
клх Джубга,6
Blanchard,6
Vieja Eslovaquia,6
Fogaça do Campo,6
хутір Вознесенівка,6
місто Першотравенськ,6
澳门市,6
Bethanton,6
хутір Боково-Хрустальне,6
Nueva Colombia,6
Freemantown,6
West Robert,6
Caolain Ville,6
Eden Ville,6
хутір Косів,6
ст. Великие Луки,6
嘉禾市,6
Griffinstad,6
місто Миронівка,6
ст. Ялуторовск,6
East Deborah,6
Graham Ville,6
ст. Нефедова,6
с. Можайск,5
Vasai-Virar,5
MailletVille,5
д. Красногорск (Моск.),5
乌鲁木齐县,5
Lobenstein,5
Vieja Guatemala,5
بندر نازنين,5
Sandraville,5
Sainte Auroreboeuf,5
شهرستان مهسا,5
Crystalbury,5
Brian Ville,5
к. Александров,5
شرق مليکا,5
Tuttlingen,5
клх Тарко-Сале,5
Rachelle Ville,5
Descamps,5
Bhubaneswar,5
Lake Rebeccabury,5
Youngbury,5
Duncan Ville,5
Tomas Ville,5
شمال یاسمین,5
North Colin,5
Bakerberg,5
село Ізяслав,5
селище Житомир,5
село Богодухів,5
Parksborough,5
Pimpri-Chinchwad,5
Marychester,5
Rocha da Serra,5
باغات سارا,5
兰州县,5
West Terence,5
MunozVille,5
село Калинівка,5
ст. Лянтор,5
Dannytown,5
п. Вуктыл,5
باغات الناز,5
Chevallierdan,5
Stadtsteinach,5
San Óliver los bajos,5
село Іловайськ,5
Raymondfurt,5
San Reina los bajos,5
Christopher Ville,5
Aguilarberg,5
Smithtown,5
Marytown,5
da Paz das Flores,5
Ericview,5
село Зугрес,5
к. Благовещенск (Амур.),5
غرب امیر علی,5
Constance Ville,5
Johanna Ville,5
Navarroboeuf,5
das Neves das Flores,5
Darrentown,5
Raleigh,5
New Brianna,5
Mccarthyfort,5
Sainte Claire,5
село Валки,5
宜都市,5
Marcusmouth,5
Maysfort,5
п. Бийск,5
Chevalier-sur-Chauveau,5
Nueva Emiratos Árabes Unidos,5
село Вознесенівка,5
Sangerhausen,5
к. Объячево,5
Lydiabury,5
Mitchellville,5
Seaneen Ville,5
Gera,5
Vieja Timor-Leste,5
село Суми,5
місто Сіверськ,5
село Моршин,5
г. Тулун,5
Correia de Lopes,5
Santos da Praia,5
Marquesdan,5
хутір Городенка,5
Brunel,5
Grevesmühlen,5
хутір Почаїв,5
с. Челябинск,5
想县,5
Barthelemy-sur-Mathieu,5
باغات نيايش,5
Vieja Granada,5
Bruchsal,5
Cunha de Freitas,5
село Бібрка,5
с. Ступино,5
г. Токма,5
п. Диксон,5
Sainte Thibault,5
San Raquel los altos,5
п. Октябрьское (Челяб.),5
Indianapolis,5
East Lauren,5
ст. Кулу,5
St. Lisamouth,5
Picard,5
شهرستان مريم,5
شهر آرین,5
Mathieu,5
селище Гірник,5
д. Череповец,5
شهر رقيه,5
Correia Grande,5
Fogaça de Jesus,5
село Семенівка,5
г. Губкин,5
جنوب الينا,5
Emma-Louise Ville,5
д. Карпинск,5
Unnao,5
LeclercqBourg,5
Osterburg,5
شهر نازنین,5
Berchtesgaden,5
місто Чернігів,5
клх Яшкуль,5
梧州县,5
Aislinn Ville,5
к. Костомукша,5
ст. Каргополь,5
Tenali,5
Dayna Ville,5
Vieja India,5
Kennedyton,5
Conor Ville,5
بندر آرین,5
غرب پرهام,5
بندر اسرا,5
Da Costa-sur-Baron,5
Celle,5
місто Малин,5
Dennis Ville,5
Lake Lesley,5
Bernard Ville,5
Gaillard,5
Vieja Kenya,5
к. Токма,5
Teixeira de Pereira,5
місто Горохів,5
Barlowberg,5
San Gonzalo de la Montaña,5
Araújo,5
da Cunha Grande,5
Ellie Ville,5
San Ángela los altos,5
da Cunha de Gomes,5
г. Новгород Великий,5
Phillip Ville,5
Vieja Ucrania,5
п. Урус-Мартан,5
Masse-la-Forêt,5
دهستان مریم,5
Lelièvre,5
San Andrés de la Montaña,5
п. Югорск,5
East Shannon,5
Karenstad,5
Kellie Ville,5
Victoriachester,5
غرب سجاد,5
Marcusbury,5
Monschau,5
Duval-sur-Chauvin,5
Nueva El Salvador,5
South Jacobstad,5
Sainte Bertrandnec,5
хутір Антрацит,5
село Авдіївка,5
شهرستان حسین,5
شرق رقيه,5
Alishastad,5
LebretonVille,5
Hansestadttralsund,5
da Paz Alegre,5
潜江市,5
Harrisside,5
Moulindan,5
San Francisca los bajos,5
к. Середниково,5
South Sammouth,5
Lorraineview,5
南京县,5
хутір Жашків,5
хутір Тиврів,5
клх Нарьян-Мар,5
重庆市,5
凯市,5
Tommystad,5
Phusro,5
Edwardchester,5
Sandersview,5
Nürtingen,5
Ludhiana,5
Ilmenau,5
New Megan,5
Sophie Ville,5
East Ronald,5
军市,5
Helenfurt,5
Olivia Ville,5
Cohen,5
San Dulce María los bajos,5
San Wendolin los bajos,5
Freitas de Campos,5
село Олександрівськ,5
клх Шадринск,5
село Шпола,5
شرق زینب,5
Port Kathyside,5
Jessica Ville,5
п. Салават,5
Wrightfurt,5
North Ashleighburgh,5
клх Саров (Морд.),5
West Marion,5
North Patriciastad,5
Gaudin,5
Devaux-sur-Mer,5
д. Обнинск,5
клх Лесной (Сверд.),5
Anand,5
Nicolemouth,5
к. Дубна,5
Nueva Benin,5
д. Домбай,5
شمال آرمين,5
Kirstymouth,5
Alexandrenec,5
Perez-sur-Buisson,5
Nunes de Silveira,5
Vincentfurt,5
Suzanneland,5
Saint Émilie,5
San Guadalupe los bajos,5
جنوب آرمين,5
West Cameronfort,5
село Бобровиця,5
д. Куртамыш,5
غرب ثنا,5
Lake Brianview,5
Marilynbury,5
South Jeanette,5
San Citlali los altos,5
Vieja Bahamas,5
Carl Ville,5
Simon-sur-Allard,5
Noël-sur-Mer,5
Huntside,5
Dawn Ville,5
г. Череповец,5
شمال محمد مهدی,5
North Victor,5
Cookside,5
San Víctor los altos,5
хутір Благовіщенське,5
بندر یسنا,5
Rolland-sur-Mer,5
місто Суми,5
с. Поярково,5
Pallavaram,5
Austinport,5
Tamara Ville,5
Parent,5
Scheinfeld,5
місто Івано-Франківськ,5
Farrellview,5
St. Kathryn,5
Vieja Pakistán,5
с. Армавир,5
Lopes,5
Barros das Pedras,5
село Зміїв,5
г. Домбай,5
Jacob Ville,5
باغات نازنین زهرا,5
Iain Ville,5
Strausberg,5
клх Черусти,5
с. Магадан,5
Nicholsborough,5
Farias Paulista,5
хутір Дружба,5
місто Жовква,5
село Снятин,5
Saint Hélènenec,5
Witzenhausen,5
Vieja Irán,5
Vieira do Campo,5
da Rocha da Mata,5
بندر آرتين,5
New Orleans,5
San Úrsula los bajos,5
Joshua Ville,5
клх Кажим,5
海燕县,5
North Alex,5
Monteiro Grande,5
село Бердянськ,5
селище Острог,5
селище Красноперекопськ,5
North Charlieport,5
Lake Robert,5
Martinsnec,5
Saint Valérie,5
клх Поярково,5
Gurgaon,5
Brittany Ville,5
селище Генічеськ,5
г. Хатанга,5
Bertinnec,5
Mendes do Oeste,5
Paulineview,5
South Edward,5
Jacques,5
Nangloi Jat,5
Katrina Ville,5
Jonathanville,5
Jenniferstad,5
Aoibhin Ville,5
Vieja Italia,5
San Gerónimo de la Montaña,5
селище Бровари,5
Shannon Ville,5
Kamenz,5
San Felipe los bajos,5
село Шумськ,5
селище Буча,5
д. Печенга,5
روستای اميرحسين,5
阜新县,5
ст. Архыз,5
Johnhaven,5
Deborahfurt,5
New Michaelshire,5
Hamel-sur-Boyer,5
Warren Ville,5
Silveira da Serra,5
جنوب عرفان,5
Christinahaven,5
Saint Léon,5
ст. Двинской,5
小红市,5
Kerryside,5
Lesliefort,5
East Normanton,5
клх Саранск,5
ст. Ульяновск,5
Sykesstad,5
Hoareauboeuf,5
San Rafaél los altos,5
Melo da Serra,5
к. Шумиха,5
ст. Оса,5
Millet,5
село Чистякове,5
شهرستان آریا,5
潮州市,5
New Dominic,5
Neuruppin,5
张家港市,5
East Danielleland,5
селище Українка,5
Slaterhaven,5
Sainte AstridBourg,5
Pinto da Mata,5
п. Каменномостский,5
San Sandra los altos,5
хутір Роздільна,5
Fürstenwalde,5
San Arturo de la Montaña,5
с. Киржач,5
桂珍市,5
Wolfenbüttel,5
Nueva Mauritania,5
місто Вінниця,5
місто Чернівці,5
Jadeview,5
п. Аша,5
д. Заводоуковск,5
Tinabury,5
Daniel,5
Port Jayfort,5
North Douglasburgh,5
Sloanshire,5
روستای بنيامين,5
Victorialand,5
Danielle Ville,5
Port Kenneth,5
селище Шостка,5
North Zoe,5
Davisberg,5
جنوب محدثه,5
Saint Édouard,5
West Lindsay,5
Hoareau-sur-Rousseau,5
Lübben,5
East Alyssa,5
Dearbhail Ville,5
Santos da Serra,5
Lake Amandaside,5
New Rebecca,5
باغات آیناز,5
клх Малгобек,5
Lake Adam,5
Lake Simon,5
Sainte MargauxBourg,5
Vieja Malasia,5
بندر آرش,5
شهرستان یاسین,5
North Rosemaryland,5
Hoareau-les-Bains,5
місто Горішні Плавні,5
с. Яшалта,5
شهر يسنا,5
Vieja Francia,5
深圳县,5
к. Гатчина,5
Ollivier,5
Carla Ville,5
San Natividad los altos,5
North Leonardfurt,5
Samsonboeuf,5
Rossi,5
San Timoteo los bajos,5
клх Лотошино,5
д. Стрежевой,5
South Danny,5
к. Кулунда,5
Christinatown,5
Saint Stéphaneboeuf,5
Göppingen,5
San Raúl los bajos,5
г. Ачинск,5
Port Paulland,5
Lerouxnec,5
ст. Самара,5
East Jessicatown,5
Roche-sur-Bègue,5
San Abraham de la Montaña,5
Kleinnec,5
San Esparta los altos,5
Vieja Egipto,5
г. Цимлянск,5
Satna,5
East April,5
к. Талдом,5
клх Каменномостский,5
Lynnshire,5
Suzanneton,5
Bazin-les-Bains,5
п. Череповец,5
روستای عرفان,5
Robinside,5
Jessen,5
Neustadtner Waldnaab,5
South Douglas,5
Allenfurt,5
селище Коломия,5
秀梅市,5
Judithview,5
بندر محمدیاسین,5
St. Saraville,5
Leclercq-sur-Pereira,5
Chauveau-les-Bains,5
Regensburg,5
селище Кривий Ріг,5
Tammiebury,5
с. Набережные Челны,5
Cowanshire,5
San Reina los altos,5
South Patricia,5
Robert,5
Nueva República de Moldova,5
Nueva Botswana,5
da Rocha da Serra,5
da Mata dos Dourados,5
Geldern,5
селище Бершадь,5
Johnmouth,5
Nueva Panamá,5
New Johnberg,5
Keith Ville,5
місто Щолкіне,5
Nicolamouth,5
селище Дубровиця,5
г. Губаха,5
New Tiffanyburgh,5
دهستان حسام,5
East Justinchester,5
Sainte Jacques-la-Forêt,5
Vieja Túnez,5
місто Переяслав,5
с. Светлогорск (Калин.),5
شهر نازنين,5
St. Jeff,5
Rolland,5
San Roberto los bajos,5
п. Соль-Илецк,5
Duncanland,5
San Rubén los bajos,5
місто Теребовля,5
с. Буйнакск,5
North Leonview,5
South Lucyfort,5
East Louiseville,5
хутір Броди,5
Millerchester,5
Vieja Vanuatu,5
Fabre,5
селище Кам'янське,5
г. Славянск-на-Кубани,5
д. Белый Яр (Томск.),5
Guytown,5
Helmstedt,5
ст. Сладково,5
Guillou-sur-Sauvage,5
ст. Черкесск,5
клх Быково (метеост.),5
Carpentier-sur-Rodriguez,5
Azevedo Alegre,5
شمال آوا,5
شهرستان مبینا,5
St. William,4
Rogerborough,4
South Phillip,4
Port Beverleyville,4
New Frederick,4
Pires Alegre,4
с. Долинск,4
海门市,4
Lake Allisonton,4
Clark Ville,4
Saint Céline,4
д. Архангельск,4
دهستان سوگند,4
Hosur,4
拉萨市,4
Hebert-la-Forêt,4
FoucherBourg,4
Zossen,4
клх Красная Поляна,4
Teixeira-sur-Bertrand,4
Port Carlborough,4
село Тетіїв,4
місто Липовець,4
استان آريا,4
Sainte HuguesBourg,4
JulienVille,4
Aprilport,4
Rehau,4
San Nancy los bajos,4
New Brett,4
San Israel de la Montaña,4
West Robertfurt,4
Ashton Ville,4
Tammieview,4
Kusel,4
Viana de Moura,4
Marynec,4
New Robert,4
South Travisport,4
Vechta,4
п. Стрежевой,4
Danielleville,4
Nicholastown,4
місто Щастя,4
روستای آوا,4
Jamie-Leigh Ville,4
Oliveira de Pereira,4
Riesa,4
Viana das Flores,4
شهرستان کوثر,4
хутір Дунаївці,4
Cookbury,4
Deborahbury,4
Lemonnier,4
Oliveira da Mata,4
селище Хрестівка,4
Saint Josette,4
Fernandes de Fogaça,4
East Barbaraview,4
West Julieborough,4
д. Кириши,4
San Cristina los altos,4
استان ستایش,4
Kingfort,4
San José Luis de la Montaña,4
ст. Арсеньев,4
O'Connormouth,4
North Sandra,4
East Jessica,4
شرق زينب,4
秀云市,4
Sarahbury,4
Kevin Ville,4
Nueva Bolivia,4
клх Якша,4
Williamsville,4
CostaVille,4
місто Бердянськ,4
місто Миргород,4
Williamshire,4
Anantapuram,4
місто Корець,4
باغات سارینا,4
Nueva Qatar,4
Barros da Serra,4
غرب آرمين,4
Lake Leighchester,4
Lake Amber,4
Araújo dos Dourados,4
клх Пенза,4
ст. Мыс Шмидта,4
Michaelchester,4
Sainte Étienne-la-Forêt,4
جنوب ثنا,4
South Brian,4
Peixoto Grande,4
хутір Красилів,4
місто Ладижин,4
Günzburg,4
хутір Карлівка,4
New Damienhaven,4
دهستان اميرحسين,4
玲市,4
秀芳县,4
Hofgeismar,4
Pires do Sul,4
South Elizabethshire,4
Guillotdan,4
Carvalho do Campo,4
West Nicholasville,4
Kollam,4
Gomes-sur-Boutin,4
Benstad,4
місто Остер,4
Lake Scott,4
Marcside,4
Marin-la-Forêt,4
Costa do Sul,4
غرب آراد,4
East Nancy,4
Ballardberg,4
Vieja Maldivas,4
с. Ведено,4
Almeida do Norte,4
д. Далматово,4
بندر متين,4
شمال مریم,4
Jeremyland,4
Edwardsfort,4
Catriona Ville,4
شمال عسل,4
клх Подольск,4
Jordon Ville,4
село Київ,4
شهر آراد,4
شهر هستي,4
Bailly,4
місто Шепетівка,4
хутір Бахмач,4
بندر پرنيا,4
East Karlshire,4
с. Сладково,4
Richardsonfurt,4
Finn Ville,4
селище Кипуче,4
п. Внуково (метеост.),4
Damien Ville,4
San Jerónimo los altos,4
Nascimento de Lopes,4
село Вугледар,4
Markburgh,4
Port Ryanland,4
Port Kennethchester,4
Vieja Japón,4
Araújo de Minas,4
місто Дружківка,4
Jayneville,4
New Jeffreyburgh,4
Lopeztown,4
Hamon-sur-Mer,4
д. Волхов,4
New Isabellashire,4
Robertsonbury,4
Erbisdorf,4
ст. Гагарин,4
Ambarnath,4
استان يسنا,4
بندر مبينا,4
باغات پرهام,4
颖市,4
San Rodolfo los bajos,4
селище Географія Вільнянська,4
Lelièvre-sur-Jacques,4
da Cruz do Sul,4
місто Полтава,4
West Jenna,4
Dufournec,4
д. Сладково,4
Dhanbad,4
澳门县,4
East Sylvia,4
Monicafurt,4
Lauren Ville,4
Hainichen,4
da Costa do Oeste,4
جنوب مبينا,4
Dobsonmouth,4
New Gareth,4
Jorhat,4
East Harrietmouth,4
RivièreBourg,4
Rosenheim,4
Lima de Minas,4
Aoibheann Ville,4
к. Новочеркасск,4
شهر سجاد,4
Sandraberg,4
селище Сарни,4
ст. Щельяюр,4
п. Алагир,4
New Davidbury,4
Hamel,4
село Кілія,4
Burnsland,4
West Frank,4
Guérinnec,4
Castro dos Dourados,4
Port Bethtown,4
Masseybury,4
Dumont,4
شمال بنيامين,4
بندر آرمین,4
East Joseview,4
Lake Raymond,4
Rostock,4
хутір Кипуче,4
Thomasland,4
Jourdanboeuf,4
Port Thomas,4
Barre,4
Sallyfurt,4
New Nicole,4
Roachfurt,4
місто Сулимівка (Слов'янськ),4
с. Внуково (метеост.),4
شمال هستی,4
East Thomasland,4
Katharine Ville,4
San Ernesto de la Montaña,4
селище Покров,4
Marsdenton,4
Bishopside,4
Amber Ville,4
Erichaven,4
St. Jayburgh,4
روستای آتنا,4
静县,4
Lake Mohammed,4
Hoarau,4
San Aida los bajos,4
Teixeira Alegre,4
селище Кам'янка-Бузька,4
روستای عباس,4
Giridih,4
Lake Eugeneberg,4
Sara Ville,4
село Тисмениця,4
St. Carlos,4
ThomasVille,4
da Cruz do Amparo,4
місто Тульчин,4
село Кадіївка,4
Bergzabern,4
Fernandes da Mata,4
Shepardfurt,4
Polly Ville,4
Aaron Ville,4
Bonnin-sur-Dias,4
Barbe,4
місто Саки,4
клх Усть-Катав,4
شمال ستايش,4
غرب محمد مهدی,4
West Brettburgh,4
North Thomasbury,4
село Мена,4
Bhimavaram,4
селище Біла Церква,4
к. Нарым,4
д. Саянск,4
с. Бугульма,4
South Vincentside,4
Kevintown,4
с. Курганинск,4
Lake Brett,4
Jeremyburgh,4
село Лебедин,4
село Первомайськ,4
Lincoln,4
Moers,4
St. Jessica,4
Vieja Paraguay,4
к. Ейск,4
Saint Thibault,4
Barros de Melo,4
兵市,4
New Ryan,4
Colas-les-Bains,4
Aragão de Minas,4
غرب آریا,4
Jamieland,4
Vieja Micronesia,4
Terenceberg,4
East Hugh,4
دهستان یوسف,4
Jacobland,4
da Conceição,4
Reeseport,4
Laurenfurt,4
East Jenniferview,4
Nueva Camboya,4
استان کيانا,4
Graceland,4
місто Путивль,4
South Johnchester,4
к. Уэлен,4
Hancockfurt,4
Rhian Ville,4
Marc Ville,4
Jacquotboeuf,4
село Середина-Буда,4
South Joshuafort,4
San Serafín de la Montaña,4
West Brandon,4
South Brett,4
East Carly,4
Demmin,4
San Sara de la Montaña,4
Geraldview,4
Brett Ville,4
Teixeira do Norte,4
п. Волхов,4
North Jacob,4
Fouquet,4
South Michaelshire,4
Fainche Ville,4
Carvalho de Cunha,4
хутір Вуглегірськ,4
Geraldinebury,4
Woodfort,4
East Stanley,4
хутір Берегове,4
село Корець,4
Kathrynmouth,4
North Patriciamouth,4
Cardoso de Monteiro,4
к. Котлас,4
Saint Jérômedan,4
Bertrand,4
хутір Новоазовськ,4
Paulberg,4
Lewisborough,4
San Ana Luisa los bajos,4
клх Сунтар,4
місто Енергодар,4
Rhys Ville,4
с. Палана,4
Nueva República Dominicana,4
Martins de Moura,4
селище Турка,4
Sangli-Miraj & Kupwad,4
North Haleystad,4
Nueva San Vicente y las Granadinas,4
غرب مبینا,4
Avadi,4
South Heathermouth,4
South Michael,4
Careyville,4
Isabellafurt,4
Lake Kristinhaven,4
місто Єнакієве,4
Cardoso de Correia,4
хутір Кам'янка-Бузька,4
Desmond Ville,4
San Raúl de la Montaña,4
St. Dannybury,4
Georgeview,4
хутір Татарбунари,4
North Meganville,4
Reece Ville,4
Marinnec,4
West Graemeton,4
North Nicole,4
Euskirchen,4
Ferreira do Galho,4
село Путивль,4
روستای محمدحسین,4
金凤县,4
San Emiliano de la Montaña,4
Rocha do Amparo,4
ст. Каменномостский,4
东莞县,4
Lake Barbarastad,4
San Adriana los altos,4
玉珍市,4
Allanstad,4
Gillian Ville,4
San Eugenio los altos,4
клх Нижнекамск,4
North Michellefort,4
Herreraland,4
San Gerardo de la Montaña,4
Shawside,4
شمال فاطمه,4
Roy-sur-Fleury,4
林县,4
da Cruz do Campo,4
д. Рославль,4
Romanland,4
San Teodoro los altos,4
к. Новороссийка,4
Karnal,4
село Енергодар,4
兵县,4
ст. Наро-Фоминск,4
Brownmouth,4
Nunes do Norte,4
Port Traceyside,4
Jake Ville,4
Duvalnec,4
місто Жашків,4
селище Скалат,4
клх Североморск,4
Vieja Serbia,4
Barros Verde,4
Lindseyshire,4
جنوب مليکا,4
Williamsburgh,4
San Yuridia los bajos,4
Arnoldfort,4
Lake Bonnieside,4
Lopes de Costela,4
місто Дунаївці,4
клх Старый Оскол,4
Yatesborough,4
Matthewview,4
Carolhaven,4
Sales da Prata,4
хутір Сєвєродонецьк,4
ст. Плесецк,4
South Christopherton,4
Georgia Ville,4
شهرستان اسرا,4
Thompsonburgh,4
West Nicolastad,4
Lake Shannon,4
Costa do Amparo,4
клх Усть-Ишим,4
Sainte Lucy,4
Pearsonbury,4
Lake Margaret,4
ст. Камышин,4
Levinefurt,4
Charpentierboeuf,4
Nueva República Popular Democrática de Corea,4
село Тлумач,4
Freya Ville,4
Gerolzhofen,4
San Ricardo los bajos,4
شمال نازنين,4
Howardbury,4
South Sarafurt,4
Schmitt-la-Forêt,4
Jodiestad,4
Phillipbury,4
г. Чайковский,4
Timothy Ville,4
Guichard,4
天津县,4
Atkinsonshire,4
North Teresa,4
Williamville,4
к. Нижневартовск,4
Katemouth,4
Courtois,4
Ferreira de Jesus,4
جنوب آرتین,4
Port Cynthia,4
місто Дубляни,4
Lake Stephanieville,4
місто Білицьке,4
к. Бугульма,4
селище Дунаївці,4
селище Гола Пристань,4
بندر هانيه,4
شهر نازنین زهرا,4
St. Arthurbury,4
Kara Ville,4
Garcia,4
Bourgeois,4
с. Новороссийск,4
Giles Ville,4
Stacey Ville,4
Erinstad,4
Port Natasha,4
Jarlath Ville,4
San Paulina los altos,4
п. Курильск,4
استان دانیال,4
Brownland,4
East Kellyborough,4
Schneider-sur-Mer,4
شهر مائده,4
Ballside,4
місто Подільськ,4
Daviestown,4
南宁县,4
凤英市,4
East Davidshire,4
Smithton,4
Jermaineville,4
Laine,4
San María Cristina de la Montaña,4
West Craigtown,4
Reedshire,4
San Genaro los altos,4
Daniellemouth,4
Greniernec,4
Thoothukudi,4
da Cunha do Oeste,4
к. Рыбинск,4
Lake Louisburgh,4
Pelletierdan,4
Goslar,4
Tiegan Ville,4
Sainte Benoît-sur-Mer,4
Jesus dos Dourados,4
п. Гаврилов-Ям,4
North Nathan,4
Port Amandamouth,4
Steven Ville,4
Bourdon-sur-Bruneau,4
Port Barbara,4
Lamy-la-Forêt,4
Port Nicholaston,4
Port Christopher,4
Hillview,4
South Malcolm,4
North Kayla,4
Nueva Santo Tomé y Príncipe,4
San Olga los altos,4
شهر محمد طاها,4
شهرستان ثنا,4
к. Шенкурск,3
Paigeport,3
ст. Хоста,3
荆门县,3
Woodwardside,3
Lake Ronaldtown,3
Johnny Ville,3
Mendes Alegre,3
شرق ماهان,3
North Lisa,3
Melo de Rezende,3
峰市,3
Johnsonmouth,3
Fernandes da Praia,3
West William,3
North Lindaport,3
da Cunha de Novaes,3
хутір Болград,3
San Yuridia los altos,3
New Karlside,3
Anastasia Ville,3
马鞍山市,3
South Yolanda,3
Sanchez,3
غرب مليکا,3
建市,3
Gregoryside,3
New Joanland,3
West Jessica,3
Stendal,3
к. Кирово-Чепецк,3
Rian Ville,3
استان محمدامين,3
Kyritz,3
Peixoto da Praia,3
杰市,3
Yvonnebury,3
село Андрушівка,3
Rachaelberg,3
Castroville,3
клх Кежма,3
Petersstad,3
帅市,3
Lorraineborough,3
Stevenshire,3
Nguyen,3
Thibault,3
Lagarde,3
селище Городище,3
San Francisco los bajos,3
دهستان ستایش,3
شرق علی رضا,3
South Amanda,3
勇县,3
波市,3
г. Уссурийск,3
South Marcus,3
Breton-la-Forêt,3
غرب بنیامین,3
South Gracetown,3
місто Херсон,3
Thompsonberg,3
Barbosa das Flores,3
Peixoto de Jesus,3
Saint Thérèse,3
хутір Камінь-Каширський,3
New Angelaview,3
باغات هلیا,3
غرب سینا,3
Joneshaven,3
South Cindyland,3
с. Арсеньев,3
جنوب مبین,3
Moreira do Campo,3
д. Уэлен,3
с. Анапа,3
دهستان نیما,3
Perkinsshire,3
Vieja Liechtenstein,3
хутір Острог,3
West Fiona,3
Fogaça de Dias,3
селище Свалява,3
بندر نيايش,3
East Annaland,3
Nicholsonfort,3
Johnton,3
Araújo de Moura,3
St. Anthony,3
North Amy,3
شرق حنانه,3
غرب طاها,3
秀英市,3
Burrowstown,3
Louischester,3
селище Зугрес,3
Dominicmouth,3
Rodriguezborough,3
Burgdorf,3
Jordanport,3
Bad Freienwalde,3
селище Валки,3
Lake Nicolahaven,3
Amyport,3
Sethfort,3
хутір Знам'янка,3
клх Стрежевой,3
п. Балашиха,3
Bellary,3
بندر محمدمهدي,3
Port Christopherfurt,3
Rocha de Caldeira,3
Carvalho do Galho,3
селище Ізюм,3
辽阳县,3
Pinto dos Dourados,3
Ribeiro da Serra,3
North Emilymouth,3
селище Радехів,3
Portland,3
Frenchville,3
Cathal Ville,3
Couturier,3
Nogueira de Caldeira,3
к. Пенза,3
استان مریم,3
San Esteban los bajos,3
San Alejandro los altos,3
West Hannah,3
San Ramón los bajos,3
强市,3
Cathy Ville,3
Hunterfurt,3
ValetteVille,3
Silva de Minas,3
Soest,3
Vieja Guinea Bissau,3
Patrickside,3
Berryland,3
Kaitlin Ville,3
Vieja Austria,3
بندر سینا,3
Pires do Campo,3
г. Мурманск,3
с. Шенкурск,3
Plano,3
Vieja Burkina Faso,3
Araújo Paulista,3
Robertsbury,3
St. Derrick,3
місто Кілія,3
к. Беломорск,3
Baudry,3
Gräfenhainichen,3
دهستان احسان,3
Saint Luce,3
da Luz da Mata,3
Kimchester,3
Altentreptow,3
г. Кулу,3
Jackstad,3
South Bethany,3
Lake Mariahaven,3
Pinto-les-Bains,3
Hubert-la-Forêt,3
Lake Jamietown,3
Conall Ville,3
West Paula,3
Kimberly Ville,3
Hoareau-sur-Lebrun,3
San Cristobal los altos,3
جنوب یلدا,3
俊县,3
Miesbach,3
д. Бронницы,3
West Amandaton,3
Amy Ville,3
Léger,3
Sainte Marie,3
Amaravati,3
Lake Jacob,3
South Stevenbury,3
Conchur Ville,3
Gros,3
South Cathymouth,3
جنوب اميررضا,3
Alisonmouth,3
Scottside,3
San Irma los altos,3
Port Hazelfurt,3
بندر نازنین زهرا,3
Nueva Cabo Verde,3
بندر كیانا,3
Harrisville,3
San Cristal de la Montaña,3
Mesquite,3
North Jeffreyburgh,3
Garrettfort,3
Silveira da Mata,3
Vieja Irlanda,3
село Бурштин,3
Martinborough,3
Albertfort,3
селище Першотравенськ,3
جنوب سبحان,3
Zeulenroda,3
Gomes de Rodrigues,3
Lake Alexander,3
Arthurmouth,3
п. Можга,3
Hilaryfurt,3
Damianport,3
Alister Ville,3
Pinto do Oeste,3
с. Прохладный,3
Jordan Ville,3
Nueva Guinea,3
село Кам'янка-Бузька,3
клх Шатки,3
с. Лянтор,3
Nueva Nauru,3
da Rocha do Amparo,3
д. Кизел,3
ст. Калуга,3
Aurich,3
Vieja Perú,3
St. Alanville,3
Dijoux-sur-Peron,3
South Tobyfort,3
Nicoleshire,3
Joycefurt,3
Barbosa da Serra,3
д. Белогорск (Амур.),3
селище Покровськ,3
село Яготин,3
雪梅县,3
хутір Хотин,3
село Надвірна,3
利市,3
Northeim,3
клх Оленегорск (Якут.),3
Mirzapur,3
Marietown,3
Leroynec,3
Michel,3
East Paul,3
New Debra,3
село Слов'янськ,3
St. Bradberg,3
San Sessa de la Montaña,3
д. Астрахань,3
к. Мончегорск,3
Navarrodan,3
East Junemouth,3
Haridwar,3
West Melaniestad,3
San Gerónimo los altos,3
село Василівка,3
استان هانيه,3
New Frederickborough,3
Shirleyshire,3
Karenfurt,3
San Rosa los bajos,3
North Nigelchester,3
Kellymouth,3
Aileen Ville,3
Blanc,3
Pritzwalk,3
شرق آيلين,3
Lake Traci,3
East Paulmouth,3
St. Johnnychester,3
Nueva Líbano,3
Perrier-sur-Faure,3
شهرستان اسما,3
Kingfurt,3
ст. Суздаль,3
Hubert-les-Bains,3
Lesage-sur-Monnier,3
к. Тула,3
瑞市,3
Poulain-les-Bains,3
Tanguy,3
Duderstadt,3
ст. Лабинск,3
Port Linda,3
West Adamborough,3
Fernandezdan,3
Shelbyburgh,3
Kathryn Ville,3
Costa do Galho,3
село Сніжне,3
Port Simon,3
da Conceição Paulista,3
Sandraport,3
West Elliot,3
г. Охотск,3
клх Мелеуз,3
село Борщів,3
Mcclainside,3
South Terry,3
Branchbury,3
д. Любань,3
欢市,3
Barlowmouth,3
Castanedastad,3
Nueva Bosnia y Herzegovina,3
بندر محمدحسين,3
روستای اميرعباس,3
روستای ابوالفضل,3
San Araceli de la Montaña,3
село Підгородне,3
к. Осташков,3
с. Любань,3
West Jennifermouth,3
Francisside,3
Vieja Namibia,3
da Luz de Goiás,3
磊市,3
Carrilloborough,3
St. Jeffrey,3
South Andrew,3
Jonathon Ville,3
клх Токсово,3
Zachary Ville,3
Henry-sur-Evrard,3
Nueva Dominicana,3
місто Охтирка,3
селище Миколаївка,3
місто Боково-Хрустальне,3
п. Ямбург,3
Voisin,3
Allain,3
Monteiro do Campo,3
West Dana,3
Tiarna Ville,3
Vieja Ghana,3
к. Мокшан,3
بندر اميرمحمد,3
Nueva Vietman,3
San Silvia de la Montaña,3
клх Курган,3
місто Чорнобиль,3
Vieja República Árabe Siria,3
селище Підгайці,3
д. Муром,3
Natashaborough,3
Nicoleport,3
شهرستان محمدياسين,3
Sainte Juliette-sur-Mer,3
Mayen,3
місто Бобринець,3
село Скадовськ,3
Stockton,3
St. Adamview,3
San Adalberto los bajos,3
місто Берестечко,3
شهرستان آرش,3
استان محمدپارسا,3
South Christopherhaven,3
Guillaume-sur-Fleury,3
клх Арзамас,3
شهر نیما,3
Mannton,3
Charpentier-sur-Ramos,3
Vieja Eritrea,3
селище Харків,3
Jodieburgh,3
BertinBourg,3
Lucy Ville,3
South Samuel,3
Perrier,3
West Natashaburgh,3
Augerboeuf,3
Verdier,3
Nueva Finlandia,3
Ballview,3
місто Дубровиця,3
Davistown,3
South Jenniferton,3
Lemaire-les-Bains,3
Max Ville,3
FrançoisBourg,3
Costela de Freitas,3
Pires de Cunha,3
洋市,3
Huetdan,3
Sainte Michelledan,3
п. Шереметьево,3
клх Чокурдах,3
г. Аргаяш,3
клх Чита,3
Sagar,3
Thomas Ville,3
志强市,3
South Carly,3
Alanis Ville,3
Lake Alexland,3
West Lee,3
Blakeberg,3
San Estela de la Montaña,3
استان سوگند,3
Port Sheilaville,3
с. Благовещенск (Амур.),3
Annatown,3
с. Ангарск,3
North Josefort,3
п. Касимов,3
جنوب اسرا,3
New Eileenfort,3
Kyleville,3
San Carlota de la Montaña,3
San Patricia los bajos,3
Porto de Souza,3
روستای ماهان,3
South Bill,3
Sainte Lucie-la-Forêt,3
San María José los bajos,3
شمال حنانه,3
Jonathanborough,3
Williamsstad,3
клх Каргополь,3
Chelsey Ville,3
к. Лазаревское,3
Hollowayfurt,3
Grayland,3
Darryl Ville,3
Leclercq,3
Michellebury,3
San Nicolás de la Montaña,3
East Rachel,3
хутір Покровськ,3
South Shanemouth,3
Barre-sur-Rousseau,3
село Бершадь,3
Riounec,3
Rodrigues de Mendes,3
п. Калачинск,3
Melanieborough,3
хутір Обухів,3
North Leon,3
селище Світловодськ,3
冬梅市,3
Murphyport,3
Nelsonchester,3
Rezende Grande,3
North Laura,3
Matatown,3
Saint Lucas,3
Vieja Jamaica,3
хутір Гнівань,3
Nueva Papua Nueva Guinea,3
Silva da Praia,3
Sales de Rodrigues,3
汕尾市,3
BodinVille,3
Gonçalves de Minas,3
Philip Ville,3
New Codyberg,3
华县,3
Hilarystad,3
Pereira do Galho,3
хутір Свалява,3
Bishopville,3
Kelly-Marie Ville,3
Gilbertland,3
Lake Zacharyhaven,3
Conal Ville,3
г. Томари,3
باغات امیرمهدی,3
Navarro,3
місто Шпола,3
Kaiserslautern,2
Currymouth,2
Nueva Tonga,2
ст. Фатеж,2
с. Губкинский,2
San María Eugenia los altos,2
хутір Білицьке,2
St. Andrea,2
Renaudnec,2
PerrinBourg,2
San Patricio los altos,2
Rhianne Ville,2
к. Ковров,2
玉梅县,2
West Richard,2
Fontaine-sur-Martineau,2
BergerBourg,2
Porto das Flores,2
клх Брянск,2
п. Любань,2
باغات مریم,2
West Ericstad,2
Carolynburgh,2
Plauen,2
باغات نرگس,2
佛山市,2
楠县,2
Rodneyberg,2
New Cindy,2
Brunet-sur-Delattre,2
Nueva Burkina Faso,2
Araújo do Campo,2
New Barbara,2
с. Вологда,2
San José los bajos,2
хутір Старокостянтинів,2
д. Томари,2
South Harry,2
Sainte Eugèneboeuf,2
شمال حلما,2
New Graemestad,2
Lenoir-les-Bains,2
Duprénec,2
Nueva Noruega,2
к. Буденновск,2
Lévêque,2
San Reina de la Montaña,2
село Сарни,2
г. Улан-Удэ,2
село Першотравенськ,2
North Jade,2
село Кіцмань,2
місто Торецьк,2
Boucher-les-Bains,2
Vieja Tuvalu,2
Porto do Campo,2
玉珍县,2
Lake Patrickside,2
West Abdul,2
West Marktown,2
South Lisa,2
Ribeiro do Campo,2
ст. Соликамск,2
شرق رها,2
San Zacarías de la Montaña,2
Fogaça da Prata,2
ст. Дербент,2
Diazport,2
к. Майкоп,2
Smartshire,2
Port Carolyn,2
Lake Mohammadmouth,2
Moreira dos Dourados,2
місто Жовті Води,2
місто Інкерман,2
Pereira do Campo,2
п. Белореченск,2
с. Назрань,2
Danielshire,2
North Tiffany,2
село Монастирище,2
місто Буринь,2
ст. Одинцово,2
с. Беломорск,2
д. Палана,2
شهرستان آیلین,2
بندر مائده,2
East Josephine,2
клх Тула,2
Clarksville,2
селище Корюківка,2
Massonnec,2
Nunes Verde,2
г. Сыктывкар,2
شهرستان كیانا,2
Sainte Bertrand,2
Sykesbury,2
Ashleighfort,2
к. Кизилюрт,2
San Josefina los bajos,2
West Dylanburgh,2
Alannah Ville,2
Ruari Ville,2
Patrickville,2
O'Connorville,2
Lake Maryfurt,2
Vieja Armenia,2
Colleen Ville,2
Tiffany Ville,2
Sainte Catherinedan,2
Port Michael,2
селище Глобине,2
д. Усть-Джегута,2
д. Эльтон,2
Nueva Reino Unido de Gran Bretaña e Irlanda del Norte,2
місто Бровари,2
Delaunaynec,2
Moreira de Silveira,2
хутір Глобине,2
село Хоростків,2
с. Лодейное Поле,2
Taylor Ville,2
San Isaac los bajos,2
Damienburgh,2
Saint Gillesdan,2
селище Корсунь-Шевченківський,2
Oliveira de Peixoto,2
г. Верещагино (Перм.),2
洋县,2
Scottbury,2
Doyleburgh,2
Lauramouth,2
جنوب نازنین,2
Port Clifford,2
Ashleigh Ville,2
Samson,2
da Cunha das Flores,2
روستای سینا,2
Louis-sur-Petit,2
село Новий Розділ,2
Parbhani,2
روستای یوسف,2
Hermanborough,2
شرق امیرمحمد,2
селище Ромни,2
Guibert-sur-Denis,2
Firozabad,2
West Garry,2
г. Буденновск,2
Henryland,2
Rodrigues de Jesus,2
Phillipsland,2
г. Щельяюр,2
غرب آيدا,2
North Charlenemouth,2
New Juliemouth,2
Labbé-la-Forêt,2
Sainte Gérard,2
Boucher,2
San Martín los bajos,2
Aragão de Ferreira,2
п. Нижневартовск,2
Glenmouth,2
Burgessbury,2
Port Connor,2
San Mariana de la Montaña,2
合肥市,2
Stephenchester,2
Chartier,2
Vieja Yemen,2
г. Волхов,2
West Victoriaborough,2
Sethton,2
село Жовті Води,2
ст. Талдом,2
West Anthony,2
клх Дзержинск,2
к. Великие Луки,2
West Leighberg,2
Nelsonberg,2
Phillipshaven,2
New Leonard,2
Aideen Ville,2
Martinez,2
شهرستان یگانه,2
Srikakulam,2
Evelyn Ville,2
da Rocha do Campo,2
село Дубровиця,2
місто Фастів,2
Judithton,2
Hughesview,2
Jacquot-la-Forêt,2
New Luke,2
New Donnamouth,2
Nicola Ville,2
село Белз,2
д. Омск,2
雪县,2
Eamonn Ville,2
Sales de Minas,2
п. Раменское,2
Sainte Gabriel,2
хутір Миронівка,2
Suzanne Ville,2
GalletBourg,2
Nueva México,2
West Jasonside,2
д. Медногорск,2
Eileenbury,2
село Кам'янка (Черкаська область),2
с. Пушкино (Моск.),2
باغات متین,2
Lake Bethanyshire,2
Daleside,2
селище Баранівка,2
شمال محمدامين,2
West Stacy,2
місто Молочанськ,2
South Emily,2
Auger,2
East Lydia,2
Kronach,2
San Mónica de la Montaña,2
West Danny,2
Lopes de Santos,2
Lake Heather,2
ст. Тулпан,2
شهرستان مائده,2
Hayesstad,2
Lunatown,2
Leleu,2
Nueva Camerún,2
г. Медногорск,2
Katyfort,2
Hallville,2
Bischofswerda,2
شهرستان نرگس,2
Nueva Chad,2
da Rocha do Oeste,2
San Laura los bajos,2
Silva de da Conceição,2
село Кременець,2
клх Шахты,2
AntoineVille,2
روستای کيان,2
LaporteBourg,2
Laurabury,2
Charpentier,2
Auger-la-Forêt,2
селище Зеленодольськ,2
West Jordanborough,2
Farleybury,2
Hayley Ville,2
Viana de Goiás,2
д. Октябрьское (Челяб.),2
Lake Philipbury,2
Jamie-Lee Ville,2
місто Мерефа,2
San Judith los altos,2
с. Кировск (Ленин.),2
Albert Ville,2
Nueva República Árabe Siria,2
г. Бирск,2
Duarte Verde,2
秀芳市,2
Abdulmouth,2
Darragh Ville,2
Ribeiro-sur-Mace,2
хутір Новодністровськ,2
п. Жигулевск,2
г. Листвянка (Иркут.),2
Duarte do Oeste,2
Port Jacobburgh,2
селище Дубно,2
хутір Березань,2
село Березівка,2
ст. Белорецк,2
East Kate,2
Barlowport,2
селище Гнівань,2
хутір Петрово-Красносілля,2
Lake Meganmouth,2
клх Солнечногорск,2
South Geraldine,2
Ramos das Pedras,2
селище Запоріжжя,2
клх Волхов,2
شهر فاطمه,2
Erikville,2
Riverastad,2
село Кремінна,2
хутір Кропивницький,2
بندر بهار,2
North Dean,2
Gonçalves das Flores,2
Lake Carole,2
Lindashire,2
浩市,2
Overland Park,2
Denis,2
село Волноваха,2
Marchalboeuf,2
Briand,2
Morrisfort,2
Lake Julie,2
South Gary,2
St. Bethland,2
село Кам'янка-Дніпровська,2
клх Шали,2
клх Геленджик,2
Pattonstad,2
село Сміла,2
شهرستان محدثه,2
Randallside,2
к. Тосно,2
д. Сочи,2
Garrettport,2
Guyonnec,2
ст. Качканар,2
Fischer,2
Gauthierboeuf,2
San Juan los altos,2
da Conceição da Serra,2
باغات اميررضا,2
Moulin-sur-Caron,2
Evrard,2
ст. Ногинск (Моск.),2
к. Кижи,2
Ruiz,2
Konstanz,2
South Anthonyview,2
BouvierBourg,2
село Вінниця,2
г. Мичуринск,2
Meganfort,2
North Alisonbury,2
Cliodhna Ville,2
San Georgina de la Montaña,2
Owenton,2
Seamus Ville,2
Nicholasfurt,2
Mossport,2
Benoit,2
д. Тулун,2
俊市,2
Collet,2
місто Ковель,2
South Allison,2
Vieja Kirguistán,2
شرق كیان,2
Thomastown,2
West Lynne,2
Delacruzfurt,2
Suryapet,2
Caitlyn Ville,2
باغات آرتين,2
Robinsonstad,2
г. Псебай,2
ст. Всеволожск,2
بندر مریم,2
Lake Lynne,2
Ledoux,2
Besnard,2
鑫县,2
Ledoux-sur-Gay,2
San Perla los altos,2
Moreira de Goiás,2
місто Комарно,2
клх Усть-Илимск,2
Niamh Ville,2
Pascal-sur-Renard,2
к. Нерчинск,2
روستای امیرمهدی,2
بندر ابوالفضل,2
West Kristenbury,2
Hillmouth,2
Lake Craig,2
клх Лагань,2
East Kayleighside,2
San Sergio los bajos,2
ст. Балтийск,2
St. Adamtown,2
с. Соликамск,2
جنوب ملیكا,2
شهر یاسمین,2
West Owen,2
宁德市,2
Hallland,2
شهر آتنا,2
Saundersburgh,2
Anne-Marie Ville,2
باغات اسرا,2
Tia Ville,2
г. Баргузин,2
Douglasview,2
Port Megan,2
Jamesmouth,2
Dos Santos-les-Bains,2
San Miguel Ángel de la Montaña,2
село Алмазна,2
клх Таштагол,2
West Shirley,2
Lake Michaelstad,2
Sainte Honoré,2
San Rolando los altos,2
село Южне,2
с. Бугуруслан,2
East Joycetown,2
Wunsiedel,2
غرب محمدرضا,2
Port Malcolm,2
Normand-sur-Roux,2
селище Часів Яр,2
Mahe-sur-Mer,2
San Pascual de la Montaña,2
Roisin Ville,2
г. Тында,2
с. Оленек,2
Samport,2
Bourgeois-sur-Bernard,2
Saint Nathalie-les-Bains,2
San Marco Antonio de la Montaña,2
Gillesboeuf,2
клх Карабулак,2
استان یوسف,2
Travisborough,2
село Полтава,2
Lake Shirleyport,2
Henry,2
Jacobdan,2
Vieja Estados Unidos de América,2
ст. Объячево,2
شهرستان امیر علی,2
St. Robertville,2
Göttingen,2
da Mata da Praia,2
San Adela los altos,2
п. Объячево,2
Chartier-sur-Mer,2
Lake Matthew,2
Brownview,2
West Codyberg,2
Lemgo,2
San Cristina de la Montaña,2
شمال بنیامین,2
г. Верхотурье,1
Mathewtown,1
Saint Auguste-la-Forêt,1
ÉtienneBourg,1
селище Богуслав,1
к. Елабуга,1
Hubertdan,1
г. Кириши,1
Kochi,1
Lake Georgiafort,1
Lucas,1
Maillot-la-Forêt,1
غرب آرين,1
Jody Ville,1
باغات دانیال,1
Thorntonport,1
Gilbert-les-Bains,1
Alves da Prata,1
شهرستان بهار,1
Lake Jayneburgh,1
Lake Katrina,1
Rezende do Amparo,1
хутір Решетилівка,1
استان محيا,1
Bruneau-sur-Huet,1
San Rufino los altos,1
دهستان مهدی,1
Nueva Bhután,1
Katieborough,1
Pinto da Praia,1
Fionnuala Ville,1
Lake Jasminville,1
Thomasville,1
GuyotBourg,1
Neu-Ulm,1
Aragão da Serra,1
Costela dos Dourados,1
Clerc,1
San Mario los bajos,1
Cardoso das Flores,1
клх Холмск,1
Lake Brittneystad,1
Nathan Ville,1
San Lourdes los bajos,1
شهرستان محمدیاسین,1
село Новий Буг,1
Kirstie Ville,1
Vieja Belice,1
Cardoso do Sul,1
Russellland,1
Russellfort,1
Bryan Ville,1
das Neves de Goiás,1
East Christophermouth,1
Nueva Gabón,1
д. Брянск,1
клх Миасс,1
Lüdenscheid,1
Lesley Ville,1
MichaudVille,1
хутір Федорівка,1
к. Кизел,1
Grant Ville,1
Morrisberg,1
д. Ейск,1
شهرستان ريحانه,1
باغات علي,1
Jasminemouth,1
селище Рубіжне,1
Bernard,1
місто Винники,1
استان مبينا,1
Bhavnagar,1
хутір Заліщики,1
Jesus de Moura,1
с. Мостовской,1
Howellbury,1
Recklinghausen,1
Blanchetdan,1
MaillardVille,1
Masse,1
Nueva Somalia,1
хутір Першотравенськ,1
д. Луга,1
Lake Timothy,1
Keely Ville,1
к. Россошь,1
Carterside,1
Martha Ville,1
село Глиняни,1
к. Нарткала,1
Ryanburgh,1
Schultzmouth,1
St. Victoriamouth,1
Novaes Paulista,1
к. Чайковский,1
جنوب هستي,1
New Jasonburgh,1
DupuisBourg,1
da Mota das Flores,1
п. Бологое,1
Timothyberg,1
Lemairedan,1
ст. Медногорск,1
South Derek,1
New Kathleenfurt,1
Benchester,1
Teresastad,1
New Juantown,1
New Jamestown,1
Pottier-les-Bains,1
Eleanortown,1
Saint Clémence,1
Campos de Goiás,1
Juliatown,1
Lake Stephenton,1
Bersenbrück,1
селище Чорноморськ,1
селище Первомайськ,1
с. Андреаполь,1
д. Хужир,1
روستای نیما,1
North Henrymouth,1
Lake Susanmouth,1
Ashleymouth,1
Tylerberg,1
Salmon,1
Rodrigueztown,1
с. Голицыно,1
غرب نيايش,1
بندر طاها,1
Port John,1
da Conceição do Oeste,1
селище Ізмаїл,1
St. Michelleshire,1
بندر حسين,1
Gomes dos Dourados,1
Perezview,1
Normaburgh,1
Saint Suzanne,1
клх Заводоуковск,1
بندر یگانه,1
ст. Урус-Мартан,1
Bishopmouth,1
South Danielville,1
Molinafurt,1
North Tyler,1
Bushmouth,1
Nueva Bangladesh,1
San Raquel de la Montaña,1
Shahjahanpur,1
Royer-sur-Dupont,1
Haldensleben,1
село Родинське,1
San Vanesa de la Montaña,1
San Indira los bajos,1
West Danielleside,1
شهر محمدپارسا,1
New Cathystad,1
Lopes da Mata,1
Dianestad,1
Alves Paulista,1
д. Качканар,1
Reecechester,1
Ribeiro-la-Forêt,1
San Juan los bajos,1
Griffithsburgh,1
Nueva Belice,1
瑜市,1
Azevedo de Campos,1
місто Пологи,1
селище Умань,1
娜市,1
Jacquet-sur-Mer,1
St. Keithborough,1
Clarissa Ville,1
селище Сторожинець,1
д. Ноглики,1
Nichola Ville,1
Saint PhilippineBourg,1
д. Сосьва (Хант.),1
Thompsonborough,1
село Вишневе,1
Parkermouth,1
клх Новороссийка,1
ст. Анива,1
Helenbury,1
Silva da Serra,1
хутір Географія Вільнянська,1
хутір Радивилів,1
селище Миргород,1
г. Красноселькуп,1
Adam Ville,1
п. Нефедова,1
New Christopher,1
Meaghan Ville,1
San Adán los bajos,1
Colleenshire,1
Rachelfort,1
Castro de das Neves,1
da Conceição do Norte,1
д. Городовиковск,1
Wilkinsonview,1
Arron Ville,1
Hamon,1
Freitas do Oeste,1
п. Каменск-Уральский,1
欣市,1
Brandonview,1
Garciachester,1
Macauley Ville,1
Cardoso de Lopes,1
ст. Шатки,1
دهستان ايليا,1
місто Кролевець,1
جنوب آیناز,1
New Michelle,1
Tanya Ville,1
باغات بهار,1
хутір Надвірна,1
п. Обоянь,1
Granttown,1
Sainte Arnaude,1
селище Сквира,1
شرق مبین,1
Correia de Caldeira,1
ст. Корсаков,1
Jonathanbury,1
North Emma,1
das Neves de Mendes,1
San Socorro los altos,1
San José los altos,1
к. Балашов,1
بندر اميرعلي,1
Vieja Marruecos,1
St. Mark,1
San Pascual los altos,1
Silva de Carvalho,1
Aoibhinn Ville,1
село Самбір,1
к. Мирный,1
شهرستان اميرعباس,1
Correia da Prata,1
Rezende de Cavalcanti,1
辽阳市,1
North Charles,1
Shannen Ville,1
Berthelot,1
д. Тикси,1
San Diego los bajos,1
شرق محمد مهدی,1
غرب حدیث,1
Dennisbury,1
Saint HonoréVille,1
da Paz da Prata,1
莹市,1
Higginstown,1
місто Здолбунів,1
بندر محدثه,1
селище Іршава,1
شرق احسان,1
Port Michelleberg,1
North Nicolaport,1
Jenniferfort,1
North Jessica,1
Sheilabury,1
Joanton,1
місто Павлоград,1
San Socorro de la Montaña,1
Melo Paulista,1
جنوب سارا,1
Petitjean-sur-Blanchet,1
Nunes de Teixeira,1
місто Ківерці,1
селище Кальміуське,1
Jersey City,1
Gauthier-sur-Mer,1
Hernandezdan,1
к. Игнашино,1
Stephensstad,1
Martynec,1
San Marcela los bajos,1
Jesus Alegre,1
استان آیدا,1
San Zoé de la Montaña,1
г. Печенга,1
Ahmedhaven,1
建华市,1
涛市,1
Hughesborough,1
Mace,1
San Alfonso los altos,1
San Esmeralda los bajos,1
Nascimento de Moraes,1
East Mathewview,1
New Christopherland,1
Lake Sandra,1
Gonzalez-les-Bains,1
Raynaud-la-Forêt,1
Jesus do Oeste,1
Silveira de Teixeira,1
Nunes de Souza,1
селище Сміла,1
Vieja Comoras,1
باغات رها,1
Durgapur,1
بندر علی اكبر,1
хутір Новий Калинів,1
к. Шадринск,1
г. Когалым,1
شهر عرفان,1
Deniseside,1
с. Астрахань,1
شهر آرين,1
جنوب طاها,1
秀梅县,1
Lyndsey Ville,1
San Josefina de la Montaña,1
شهرستان پرنيا,1
غرب محیا,1
San Karina de la Montaña,1
Martins do Oeste,1
ст. Боровск,1
клх Агинское (Забайк.),1
Sainte Élisabeth,1
д. Урус-Мартан,1
秀英县,1
село Яремче,1
San Inés los altos,1
باغات آیدا,1
شمال امیررضا,1
Julien,1
місто Новомиргород,1
клх Уфа,1
شهرستان پارسا,1
Hialeah,1
с. Игарка,1
к. Южно-Курильск,1
شمال ابوالفضل,1
St. Linda,1
Johnstad,1
Ronaldstad,1
Saint Martin,1
San Teresa los bajos,1
San Cecilia de la Montaña,1
Hardingside,1
Sainte Josette,1
селище Корець,1
روستای حلما,1
хутір Харків,1
春梅县,1
San Francisca de la Montaña,1
da Paz do Oeste,1
к. Черский,1
клх Гудермес,1
شمال ياسمين,1
Port Meganberg,1
Reynoldsland,1
Tanguydan,1
Vieira da Prata,1
хутір Джанкой,1
شرق ثنا,1
شهرستان فاطمه,1
Bonnin-la-Forêt,1
Pinto de Campos,1
شهر سبحان,1
New Molly,1
Saint Noël,1
ст. Нефтеюганск,1
Alexandre,1
Freitas Verde,1
Charlene Ville,1
Christophershire,1
Lemaire-sur-Lebon,1
Lake Joelstad,1
Brightchester,1
ст. Красногорск (Моск.),1
Patriciabury,1
Mendes das Flores,1
Port Harry,1
Salmon-les-Bains,1
Mendes de Goiás,1
п. Нижнекамск,1
Ronaldview,1
місто Білогірськ,1
г. Юрюзань,1
г. Бронницы,1
Lake Keithbury,1
San Horacio de la Montaña,1
Nueva San Marino,1
Saint Gabriel,1
Farias do Norte,1
Saint Denisdan,1
д. Пенза,1
Costa de Pinto,1
Johnsonbury,1
Léger-les-Bains,1
Vieja Polonia,1
دهستان زینب,1
Mccoymouth,1
روستای حدیث,1
Emmendingen,1
Fernandes das Flores,1
Alves do Campo,1
帆市,1
West Brett,1
Lake Naomi,1
North Eleanor,1
South Raymondland,1
Port Leslieshire,1
Phillipsmouth,1
San Claudia los bajos,1
хутір Куп'янськ,1
غرب محدثه,1
клх Нарткала,1
شهر محمدياسين,1
п. Оренбург,1
Cunha Alegre,1
хутір Помічна,1
شهر سينا,1
CharrierBourg,1
Pichon,1
Merle,1
Vieja Bulgaria,1
хутір Гуляйполе,1
Katy Ville,1
Lake Phillip,1
Heathborough,1
клх Казань,1
клх Гаврилов-Ям,1
Saint Josephnec,1
دهستان هستی,1
New Victoria,1
г. Кижи,1
婷婷县,1
St. Holly,1
Boulaynec,1
da Mata Paulista,1
Mathewport,1
Lake Katherinestad,1
East Leonton,1
село Балта,1
Fitzgeraldmouth,1
Duartetown,1
Farmerborough,1
хутір Калуш,1
село Свалява,1
ст. Бронницы,1
місто Монастириська,1
д. Лесной (Сверд.),1
James Ville,1
New Lauren,1
Aaronmouth,1
Nora Ville,1
璐县,1
San Iván los bajos,1
Vieja República Unida de Tanzanía,1
شرق مریم,1
روستای ایلیا,1
慧市,1
Sophiemouth,1
South Claireberg,1
Michelefurt,1
Vieja Camboya,1
Costela de da Cruz,1
Novaes de Goiás,1
New Vincent,1
North Jonathanport,1
Saint Emmanuelle,1
غرب حسين,1
Mace-sur-Martinez,1
місто Синельникове,1
